type,floorplanId,title,id,subtitle,terraceSqft,balconySqft,archSqft,mktgSqft,numOfBeds,numOfBaths,balcony,terrace,tub,pantry,powderRoom,office,walkInCloset,barrierFree,builtIns,juliet,image,virtualTour,pdfRef,pdf
residential,12,Unit 112,112,1BR+T,262.25,0,837,830,1,1,TRUE,TRUE,FALSE,FALSE,FALSE,FALSE,FALSE,FALSE,FALSE,FALSE,"1050-Saint-Louis-Floorplans_05 (112,114) 1BR.png",,105-Saint-Louis-Floodplans-Showroom_05.pdf,/assets/carresaintlouis/pdf/105-Saint-Louis-Floodplans-Showroom_05.pdf
residential,14,Unit 114,114,1BR+T,260.67,0,837,830,1,1,TRUE,TRUE,FALSE,FALSE,FALSE,FALSE,FALSE,FALSE,FALSE,FALSE,"1050-Saint-Louis-Floorplans_05 (112,114) 1BR.png",,105-Saint-Louis-Floodplans-Showroom_05.pdf,/assets/carresaintlouis/pdf/105-Saint-Louis-Floodplans-Showroom_05.pdf
residential,49,Unit 451,451,1BR+O+LX+B,0,59.6,889,890,1,1,TRUE,TRUE,FALSE,FALSE,TRUE,TRUE,FALSE,FALSE,FALSE,FALSE,"1050-Saint-Louis-Floorplans_10 (149-349,151-451) 1BR+O+LX.png",https://www.solutioneers.dev/tours/1804/210/,105-Saint-Louis-Floodplans-Showroom_10.pdf,/assets/carresaintlouis/pdf/105-Saint-Louis-Floodplans-Showroom_10.pdf
residential,49,Unit 149,149,1BR+O+LX+T,72.73,0,889,890,1,1,TRUE,TRUE,FALSE,FALSE,TRUE,TRUE,FALSE,FALSE,FALSE,FALSE,"1050-Saint-Louis-Floorplans_10 (149-349,151-451) 1BR+O+LX.png",,105-Saint-Louis-Floodplans-Showroom_10.pdf,/assets/carresaintlouis/pdf/105-Saint-Louis-Floodplans-Showroom_10.pdf
residential,51,Unit 151,151,1BR+O+LX+T,73.09,0,889,890,1,1,TRUE,TRUE,FALSE,FALSE,TRUE,TRUE,FALSE,FALSE,FALSE,FALSE,"1050-Saint-Louis-Floorplans_10 (149-349,151-451) 1BR+O+LX.png",,105-Saint-Louis-Floodplans-Showroom_10.pdf,/assets/carresaintlouis/pdf/105-Saint-Louis-Floodplans-Showroom_10.pdf
residential,49,Unit 249,249,1BR+O+LX+B,0,62.27,889,890,1,1,TRUE,TRUE,FALSE,FALSE,TRUE,TRUE,FALSE,FALSE,FALSE,FALSE,"1050-Saint-Louis-Floorplans_10 (149-349,151-451) 1BR+O+LX.png",,105-Saint-Louis-Floodplans-Showroom_10.pdf,/assets/carresaintlouis/pdf/105-Saint-Louis-Floodplans-Showroom_10.pdf
residential,49,Unit 251,251,1BR+O+LX+B,0,59.64,889,890,1,1,TRUE,TRUE,FALSE,FALSE,TRUE,TRUE,FALSE,FALSE,FALSE,FALSE,"1050-Saint-Louis-Floorplans_10 (149-349,151-451) 1BR+O+LX.png",,105-Saint-Louis-Floodplans-Showroom_10.pdf,/assets/carresaintlouis/pdf/105-Saint-Louis-Floodplans-Showroom_10.pdf
residential,49,Unit 349,349,1BR+O+LX+B,0,62.7,889,890,1,1,TRUE,TRUE,FALSE,FALSE,TRUE,TRUE,FALSE,FALSE,FALSE,FALSE,"1050-Saint-Louis-Floorplans_10 (149-349,151-451) 1BR+O+LX.png",,105-Saint-Louis-Floodplans-Showroom_10.pdf,/assets/carresaintlouis/pdf/105-Saint-Louis-Floodplans-Showroom_10.pdf
residential,49,Unit 351,351,1BR+O+LX+B,0,59.54,889,890,1,1,TRUE,TRUE,FALSE,FALSE,TRUE,TRUE,FALSE,FALSE,FALSE,FALSE,"1050-Saint-Louis-Floorplans_10 (149-349,151-451) 1BR+O+LX.png",,105-Saint-Louis-Floodplans-Showroom_10.pdf,/assets/carresaintlouis/pdf/105-Saint-Louis-Floodplans-Showroom_10.pdf
residential,3,Unit 103,103,1BR+O+LX+B,67.16,0,979,980,1,1,TRUE,TRUE,FALSE,FALSE,TRUE,TRUE,FALSE,FALSE,FALSE,FALSE,"1050-Saint-Louis-Floorplans_11 (103-503, 105-505) 1BR+O+LX.png",,105-Saint-Louis-Floodplans-Showroom_11.pdf,/assets/carresaintlouis/pdf/105-Saint-Louis-Floodplans-Showroom_11.pdf
residential,5,Unit 105,105,1BR+O+LX+B,119.45,0,981,980,1,1,TRUE,TRUE,FALSE,FALSE,TRUE,TRUE,FALSE,FALSE,FALSE,FALSE,"1050-Saint-Louis-Floorplans_11 (103-503, 105-505) 1BR+O+LX.png",,105-Saint-Louis-Floodplans-Showroom_11.pdf,/assets/carresaintlouis/pdf/105-Saint-Louis-Floodplans-Showroom_11.pdf
residential,3,Unit 203,203,1BR+O+LX+B,0,62.27,979,980,1,1,TRUE,TRUE,FALSE,FALSE,TRUE,TRUE,FALSE,FALSE,FALSE,FALSE,"1050-Saint-Louis-Floorplans_11 (103-503, 105-505) 1BR+O+LX.png",,105-Saint-Louis-Floodplans-Showroom_11.pdf,/assets/carresaintlouis/pdf/105-Saint-Louis-Floodplans-Showroom_11.pdf
residential,5,Unit 205,205,1BR+O+LX+B,0,62.22,981,980,1,1,TRUE,TRUE,FALSE,FALSE,TRUE,TRUE,FALSE,FALSE,FALSE,FALSE,"1050-Saint-Louis-Floorplans_11 (103-503, 105-505) 1BR+O+LX.png",,105-Saint-Louis-Floodplans-Showroom_11.pdf,/assets/carresaintlouis/pdf/105-Saint-Louis-Floodplans-Showroom_11.pdf
residential,3,Unit 303,303,1BR+O+LX+B,0,62.27,979,980,1,1,TRUE,TRUE,FALSE,FALSE,TRUE,TRUE,FALSE,FALSE,FALSE,FALSE,"1050-Saint-Louis-Floorplans_11 (103-503, 105-505) 1BR+O+LX.png",,105-Saint-Louis-Floodplans-Showroom_11.pdf,/assets/carresaintlouis/pdf/105-Saint-Louis-Floodplans-Showroom_11.pdf
residential,5,Unit 305,305,1BR+O+LX+B,0,62.27,981,980,1,1,TRUE,TRUE,FALSE,FALSE,TRUE,TRUE,FALSE,FALSE,FALSE,FALSE,"1050-Saint-Louis-Floorplans_11 (103-503, 105-505) 1BR+O+LX.png",,105-Saint-Louis-Floodplans-Showroom_11.pdf,/assets/carresaintlouis/pdf/105-Saint-Louis-Floodplans-Showroom_11.pdf
residential,3,Unit 403,403,1BR+O+LX+B,0,62.27,980,980,1,1,TRUE,TRUE,FALSE,FALSE,TRUE,TRUE,FALSE,FALSE,FALSE,FALSE,"1050-Saint-Louis-Floorplans_11 (103-503, 105-505) 1BR+O+LX.png",,105-Saint-Louis-Floodplans-Showroom_11.pdf,/assets/carresaintlouis/pdf/105-Saint-Louis-Floodplans-Showroom_11.pdf
residential,5,Unit 405,405,1BR+O+LX+B,0,62.22,981,980,1,1,TRUE,TRUE,FALSE,FALSE,TRUE,TRUE,FALSE,FALSE,FALSE,FALSE,"1050-Saint-Louis-Floorplans_11 (103-503, 105-505) 1BR+O+LX.png",,105-Saint-Louis-Floodplans-Showroom_11.pdf,/assets/carresaintlouis/pdf/105-Saint-Louis-Floodplans-Showroom_11.pdf
residential,3,Unit 503,503,1BR+O+LX+B,0,62.22,978,980,1,1,TRUE,TRUE,FALSE,FALSE,TRUE,TRUE,FALSE,FALSE,FALSE,FALSE,"1050-Saint-Louis-Floorplans_11 (103-503, 105-505) 1BR+O+LX.png",,105-Saint-Louis-Floodplans-Showroom_11.pdf,/assets/carresaintlouis/pdf/105-Saint-Louis-Floodplans-Showroom_11.pdf
residential,5,Unit 505,505,1BR+O+LX+B,0,62.22,981,980,1,1,TRUE,TRUE,FALSE,FALSE,TRUE,TRUE,FALSE,FALSE,FALSE,FALSE,"1050-Saint-Louis-Floorplans_11 (103-503, 105-505) 1BR+O+LX.png",,105-Saint-Louis-Floodplans-Showroom_11.pdf,/assets/carresaintlouis/pdf/105-Saint-Louis-Floodplans-Showroom_11.pdf
residential,73,Unit 273,273,1BR+O+LX+B,0,55.58,1012,1000,1,1,TRUE,FALSE,FALSE,FALSE,TRUE,TRUE,FALSE,TRUE,FALSE,FALSE,"1050-Saint-Louis-Floorplans_12 (171-571, 173-473) Handicap 1BR+O+LX.png",https://www.solutioneers.dev/tours/1804/210/,105-Saint-Louis-Floodplans-Showroom_12.pdf,/assets/carresaintlouis/pdf/105-Saint-Louis-Floodplans-Showroom_12.pdf
residential,71,Unit 171,171,1BR+O+LX+B,0,56.34,1034,1000,1,1,TRUE,FALSE,FALSE,FALSE,TRUE,TRUE,FALSE,TRUE,FALSE,FALSE,"1050-Saint-Louis-Floorplans_12 (171-571, 173-473) Handicap 1BR+O+LX.png",,105-Saint-Louis-Floodplans-Showroom_12.pdf,/assets/carresaintlouis/pdf/105-Saint-Louis-Floodplans-Showroom_12.pdf
residential,73,Unit 173,173,1BR+O+LX+B,0,56.56,1012,1000,1,1,TRUE,FALSE,FALSE,FALSE,TRUE,TRUE,FALSE,TRUE,FALSE,FALSE,"1050-Saint-Louis-Floorplans_12 (171-571, 173-473) Handicap 1BR+O+LX.png",,105-Saint-Louis-Floodplans-Showroom_12.pdf,/assets/carresaintlouis/pdf/105-Saint-Louis-Floodplans-Showroom_12.pdf
residential,71,Unit 271,271,1BR+O+LX+B,0,55.78,1009,1000,1,1,TRUE,FALSE,FALSE,FALSE,TRUE,TRUE,FALSE,TRUE,FALSE,FALSE,"1050-Saint-Louis-Floorplans_12 (171-571, 173-473) Handicap 1BR+O+LX.png",,105-Saint-Louis-Floodplans-Showroom_12.pdf,/assets/carresaintlouis/pdf/105-Saint-Louis-Floodplans-Showroom_12.pdf
residential,71,Unit 371,371,1BR+O+LX+B,0,55.56,1009,1000,1,1,TRUE,FALSE,FALSE,FALSE,TRUE,TRUE,FALSE,TRUE,FALSE,FALSE,"1050-Saint-Louis-Floorplans_12 (171-571, 173-473) Handicap 1BR+O+LX.png",,105-Saint-Louis-Floodplans-Showroom_12.pdf,/assets/carresaintlouis/pdf/105-Saint-Louis-Floodplans-Showroom_12.pdf
residential,73,Unit 373,373,1BR+O+LX+B,0,55.78,1012,1000,1,1,TRUE,FALSE,FALSE,FALSE,TRUE,TRUE,FALSE,TRUE,FALSE,FALSE,"1050-Saint-Louis-Floorplans_12 (171-571, 173-473) Handicap 1BR+O+LX.png",,105-Saint-Louis-Floodplans-Showroom_12.pdf,/assets/carresaintlouis/pdf/105-Saint-Louis-Floodplans-Showroom_12.pdf
residential,71,Unit 471,471,1BR+O+LX+B,0,56.28,1009,1000,1,1,TRUE,FALSE,FALSE,FALSE,TRUE,TRUE,FALSE,TRUE,FALSE,FALSE,"1050-Saint-Louis-Floorplans_12 (171-571, 173-473) Handicap 1BR+O+LX.png",,105-Saint-Louis-Floodplans-Showroom_12.pdf,/assets/carresaintlouis/pdf/105-Saint-Louis-Floodplans-Showroom_12.pdf
residential,73,Unit 473,473,1BR+O+LX+B,0,55.62,1012,1000,1,1,TRUE,FALSE,FALSE,FALSE,TRUE,TRUE,FALSE,TRUE,FALSE,FALSE,"1050-Saint-Louis-Floorplans_12 (171-571, 173-473) Handicap 1BR+O+LX.png",,105-Saint-Louis-Floodplans-Showroom_12.pdf,/assets/carresaintlouis/pdf/105-Saint-Louis-Floodplans-Showroom_12.pdf
residential,71,Unit 571,571,1BR+O+LX+B,0,55.99,1009,1000,1,1,TRUE,FALSE,FALSE,FALSE,TRUE,TRUE,FALSE,TRUE,FALSE,FALSE,"1050-Saint-Louis-Floorplans_12 (171-571, 173-473) Handicap 1BR+O+LX.png",,105-Saint-Louis-Floodplans-Showroom_12.pdf,/assets/carresaintlouis/pdf/105-Saint-Louis-Floodplans-Showroom_12.pdf
residential,73,Unit 573,573,1BR+O+LX+B,0,56.11,1022,1000,1,1,TRUE,FALSE,FALSE,FALSE,TRUE,TRUE,FALSE,TRUE,FALSE,FALSE,1050-Saint-Louis-Floorplans_13 (573) Handicap 1BR+O+LX.png,,105-Saint-Louis-Floodplans-Showroom_13.pdf,/assets/carresaintlouis/pdf/105-Saint-Louis-Floodplans-Showroom_13.pdf
residential,71,Unit 071,71,1BR+O+LX+T,95,0,1011,1000,1,1,FALSE,FALSE,FALSE,FALSE,TRUE,TRUE,FALSE,FALSE,FALSE,FALSE,1050-Saint-Louis-Floorplans_14 (071) 1BR+O+LX.png,https://www.solutioneers.dev/tours/1804/210/,105-Saint-Louis-Floodplans-Showroom_14.pdf,/assets/carresaintlouis/pdf/105-Saint-Louis-Floodplans-Showroom_14.pdf
residential,73,Unit 073,73,1BR+O+LX+T,95,0,1003,1000,1,1,TRUE,FALSE,FALSE,FALSE,TRUE,TRUE,FALSE,FALSE,FALSE,FALSE,1050-Saint-Louis-Floorplans_15 (073) 1BR+O+LX.png,,105-Saint-Louis-Floodplans-Showroom_15.pdf,/assets/carresaintlouis/pdf/105-Saint-Louis-Floodplans-Showroom_15.pdf
residential,63,Unit 163,163,1BR+O+LX+B,0,57.08,1014,1000,1,1,TRUE,FALSE,FALSE,FALSE,TRUE,TRUE,FALSE,TRUE,FALSE,FALSE,"1050-Saint-Louis-Floorplans_16 (163-563, 165-565)Handicap 1BR+O+LX.png",,105-Saint-Louis-Floodplans-Showroom_16.pdf,/assets/carresaintlouis/pdf/105-Saint-Louis-Floodplans-Showroom_16.pdf
residential,65,Unit 165,165,1BR+O+LX+B,0,56.98,1013,1015,1,1,TRUE,FALSE,FALSE,FALSE,TRUE,TRUE,FALSE,TRUE,FALSE,FALSE,"1050-Saint-Louis-Floorplans_16 (163-563, 165-565)Handicap 1BR+O+LX.png",,105-Saint-Louis-Floodplans-Showroom_16.pdf,/assets/carresaintlouis/pdf/105-Saint-Louis-Floodplans-Showroom_16.pdf
residential,63,Unit 263,263,1BR+O+LX+B,0,55.77,1014,1000,1,1,TRUE,FALSE,FALSE,FALSE,TRUE,TRUE,FALSE,TRUE,FALSE,FALSE,"1050-Saint-Louis-Floorplans_16 (163-563, 165-565)Handicap 1BR+O+LX.png",,105-Saint-Louis-Floodplans-Showroom_16.pdf,/assets/carresaintlouis/pdf/105-Saint-Louis-Floodplans-Showroom_16.pdf
residential,65,Unit 265,265,1BR+O+LX+B,0,55.48,1009,1015,1,1,TRUE,FALSE,FALSE,FALSE,TRUE,TRUE,FALSE,TRUE,FALSE,FALSE,"1050-Saint-Louis-Floorplans_16 (163-563, 165-565)Handicap 1BR+O+LX.png",,105-Saint-Louis-Floodplans-Showroom_16.pdf,/assets/carresaintlouis/pdf/105-Saint-Louis-Floodplans-Showroom_16.pdf
residential,63,Unit 363,363,1BR+O+LX+B,0,55.7,1014,1000,1,1,TRUE,FALSE,FALSE,FALSE,TRUE,TRUE,FALSE,TRUE,FALSE,FALSE,"1050-Saint-Louis-Floorplans_16 (163-563, 165-565)Handicap 1BR+O+LX.png",,105-Saint-Louis-Floodplans-Showroom_16.pdf,/assets/carresaintlouis/pdf/105-Saint-Louis-Floodplans-Showroom_16.pdf
residential,65,Unit 365,365,1BR+O+LX+B,0,55.61,1009,1015,1,1,TRUE,FALSE,FALSE,FALSE,TRUE,TRUE,FALSE,TRUE,FALSE,FALSE,"1050-Saint-Louis-Floorplans_16 (163-563, 165-565)Handicap 1BR+O+LX.png",,105-Saint-Louis-Floodplans-Showroom_16.pdf,/assets/carresaintlouis/pdf/105-Saint-Louis-Floodplans-Showroom_16.pdf
residential,63,Unit 463,463,1BR+O+LX+B,0,56.06,1014,1000,1,1,TRUE,FALSE,FALSE,FALSE,TRUE,TRUE,FALSE,TRUE,FALSE,FALSE,"1050-Saint-Louis-Floorplans_16 (163-563, 165-565)Handicap 1BR+O+LX.png",,105-Saint-Louis-Floodplans-Showroom_16.pdf,/assets/carresaintlouis/pdf/105-Saint-Louis-Floodplans-Showroom_16.pdf
residential,65,Unit 465,465,1BR+O+LX+B,0,55.55,1009,1015,1,1,TRUE,FALSE,FALSE,FALSE,TRUE,TRUE,FALSE,TRUE,FALSE,FALSE,"1050-Saint-Louis-Floorplans_16 (163-563, 165-565)Handicap 1BR+O+LX.png",,105-Saint-Louis-Floodplans-Showroom_16.pdf,/assets/carresaintlouis/pdf/105-Saint-Louis-Floodplans-Showroom_16.pdf
residential,63,Unit 563,563,1BR+O+LX+B,0,56.05,1026,1000,1,1,TRUE,FALSE,FALSE,FALSE,TRUE,TRUE,FALSE,TRUE,FALSE,FALSE,1050-Saint-Louis-Floorplans_17 (563)Handicap 1BR+O+LX.png,,105-Saint-Louis-Floodplans-Showroom_17.pdf,/assets/carresaintlouis/pdf/105-Saint-Louis-Floodplans-Showroom_17.pdf
residential,65,Unit 565,565,1BR+O+LX+B,0,56.05,1009,1015,1,1,TRUE,FALSE,FALSE,FALSE,TRUE,TRUE,FALSE,TRUE,FALSE,FALSE,1050-Saint-Louis-Floorplans_18 (565)Handicap 1BR+O+LX.png,,105-Saint-Louis-Floodplans-Showroom_18.pdf,/assets/carresaintlouis/pdf/105-Saint-Louis-Floodplans-Showroom_18.pdf
residential,67,Unit 567,567,1BR+O+LX+B,0,58.88,915,915,1,1,TRUE,TRUE,FALSE,FALSE,TRUE,TRUE,FALSE,FALSE,FALSE,FALSE,"1050-Saint-Louis-Floorplans_19 (267-567, 269-569) 1BR+O+LX.png",,105-Saint-Louis-Floodplans-Showroom_19.pdf,/assets/carresaintlouis/pdf/105-Saint-Louis-Floodplans-Showroom_19.pdf
residential,69,Unit 569,569,1BR+O+LX+B,0,58.78,915,915,1,1,TRUE,TRUE,FALSE,FALSE,TRUE,TRUE,FALSE,FALSE,FALSE,FALSE,"1050-Saint-Louis-Floorplans_19 (267-567, 269-569) 1BR+O+LX.png",,105-Saint-Louis-Floodplans-Showroom_19.pdf,/assets/carresaintlouis/pdf/105-Saint-Louis-Floodplans-Showroom_19.pdf
residential,20,Unit 120,120,1BR+O+LX+T,241.17,0,1095,1100,1,1,FALSE,TRUE,FALSE,FALSE,TRUE,TRUE,FALSE,FALSE,FALSE,FALSE,1050-Saint-Louis-Floorplans_20 (120) 1BR+O+LX.png,,105-Saint-Louis-Floodplans-Showroom_20.pdf,/assets/carresaintlouis/pdf/105-Saint-Louis-Floodplans-Showroom_20.pdf
residential,20,Unit 220,220,1BR+O+LX+B,0,71.06,1168,1100,1,1,TRUE,FALSE,FALSE,FALSE,TRUE,TRUE,FALSE,FALSE,FALSE,FALSE,"1050-Saint-Louis-Floorplans_21 (220, 320) 1BR+O+LX.png",,105-Saint-Louis-Floodplans-Showroom_21.pdf,/assets/carresaintlouis/pdf/105-Saint-Louis-Floodplans-Showroom_21.pdf
residential,20,Unit 320,320,1BR+O+LX+B,0,68.89,1148,1100,1,1,TRUE,FALSE,FALSE,FALSE,TRUE,TRUE,FALSE,FALSE,FALSE,FALSE,"1050-Saint-Louis-Floorplans_21 (220, 320) 1BR+O+LX.png",,105-Saint-Louis-Floodplans-Showroom_21.pdf,/assets/carresaintlouis/pdf/105-Saint-Louis-Floodplans-Showroom_21.pdf
residential,26,Unit 126,126,1BR+O+T,238.11,0,1022,1050,1,1,FALSE,TRUE,FALSE,FALSE,FALSE,TRUE,FALSE,FALSE,FALSE,FALSE,1050-Saint-Louis-Floorplans_22 (126) 1BR+O.png,,105-Saint-Louis-Floodplans-Showroom_22.pdf,/assets/carresaintlouis/pdf/105-Saint-Louis-Floodplans-Showroom_22.pdf
residential,79,Unit 179,179,1BR+O+B,0,60.6,827,830,1,1,TRUE,FALSE,FALSE,FALSE,FALSE,TRUE,FALSE,FALSE,FALSE,FALSE,1050-Saint-Louis-Floorplans_23 (179-579) 1BR+O.png,,105-Saint-Louis-Floodplans-Showroom_23.pdf,/assets/carresaintlouis/pdf/105-Saint-Louis-Floodplans-Showroom_23.pdf
residential,79,Unit 279,279,1BR+O+B,0,60.6,827,830,1,1,TRUE,FALSE,FALSE,FALSE,FALSE,TRUE,FALSE,FALSE,FALSE,FALSE,1050-Saint-Louis-Floorplans_23 (179-579) 1BR+O.png,,105-Saint-Louis-Floodplans-Showroom_23.pdf,/assets/carresaintlouis/pdf/105-Saint-Louis-Floodplans-Showroom_23.pdf
residential,79,Unit 379,379,1BR+O+B,0,62.25,827,830,1,1,TRUE,FALSE,FALSE,FALSE,FALSE,TRUE,FALSE,FALSE,FALSE,FALSE,1050-Saint-Louis-Floorplans_23 (179-579) 1BR+O.png,,105-Saint-Louis-Floodplans-Showroom_23.pdf,/assets/carresaintlouis/pdf/105-Saint-Louis-Floodplans-Showroom_23.pdf
residential,79,Unit 479,479,1BR+O+B,0,62.25,827,830,1,1,TRUE,FALSE,FALSE,FALSE,FALSE,TRUE,FALSE,FALSE,FALSE,FALSE,1050-Saint-Louis-Floorplans_23 (179-579) 1BR+O.png,,105-Saint-Louis-Floodplans-Showroom_23.pdf,/assets/carresaintlouis/pdf/105-Saint-Louis-Floodplans-Showroom_23.pdf
residential,79,Unit 579,579,1BR+O+B,0,62.25,838,830,1,1,TRUE,FALSE,FALSE,FALSE,FALSE,TRUE,FALSE,FALSE,FALSE,FALSE,1050-Saint-Louis-Floorplans_23 (179-579) 1BR+O.png,,105-Saint-Louis-Floodplans-Showroom_23.pdf,/assets/carresaintlouis/pdf/105-Saint-Louis-Floodplans-Showroom_23.pdf
residential,2,Unit 602,602,1BR+O+B,0,63.41,940,950,1,1,TRUE,FALSE,FALSE,FALSE,FALSE,TRUE,FALSE,FALSE,FALSE,FALSE,1050-Saint-Louis-Floorplans_24 (602) 1BR+O.png,,105-Saint-Louis-Floodplans-Showroom_24.pdf,/assets/carresaintlouis/pdf/105-Saint-Louis-Floodplans-Showroom_24.pdf
residential,15,Unit 115,115,1BR+O+LX+T,122.06,0,889,890,1,1,TRUE,TRUE,FALSE,FALSE,TRUE,TRUE,FALSE,FALSE,FALSE,FALSE,"1050-Saint-Louis-Floorplans_25 (111-511, 115-315, 147-347) 1BR+O+LX.png",https://www.solutioneers.dev/tours/1804/210/,105-Saint-Louis-Floodplans-Showroom_25.pdf,/assets/carresaintlouis/pdf/105-Saint-Louis-Floodplans-Showroom_25.pdf
residential,11,Unit 111,111,1BR+O+LX+T,122.06,0,889,890,1,1,TRUE,TRUE,FALSE,FALSE,TRUE,TRUE,FALSE,FALSE,FALSE,FALSE,"1050-Saint-Louis-Floorplans_25 (111-511, 115-315, 147-347) 1BR+O+LX.png",,105-Saint-Louis-Floodplans-Showroom_25.pdf,/assets/carresaintlouis/pdf/105-Saint-Louis-Floodplans-Showroom_25.pdf
residential,47,Unit 147,147,1BR+O+LX+T,72.74,0,889,890,1,1,TRUE,TRUE,FALSE,FALSE,TRUE,TRUE,FALSE,FALSE,FALSE,FALSE,"1050-Saint-Louis-Floorplans_25 (111-511, 115-315, 147-347) 1BR+O+LX.png",,105-Saint-Louis-Floodplans-Showroom_25.pdf,/assets/carresaintlouis/pdf/105-Saint-Louis-Floodplans-Showroom_25.pdf
residential,11,Unit 211,211,1BR+O+LX+B,0,62.27,889,890,1,1,TRUE,TRUE,FALSE,FALSE,TRUE,TRUE,FALSE,FALSE,FALSE,FALSE,"1050-Saint-Louis-Floorplans_25 (111-511, 115-315, 147-347) 1BR+O+LX.png",,105-Saint-Louis-Floodplans-Showroom_25.pdf,/assets/carresaintlouis/pdf/105-Saint-Louis-Floodplans-Showroom_25.pdf
residential,15,Unit 215,215,1BR+O+LX+B,0,62.27,889,890,1,1,TRUE,TRUE,FALSE,FALSE,TRUE,TRUE,FALSE,FALSE,FALSE,FALSE,"1050-Saint-Louis-Floorplans_25 (111-511, 115-315, 147-347) 1BR+O+LX.png",,105-Saint-Louis-Floodplans-Showroom_25.pdf,/assets/carresaintlouis/pdf/105-Saint-Louis-Floodplans-Showroom_25.pdf
residential,47,Unit 247,247,1BR+O+LX+B,0,62.27,889,890,1,1,TRUE,TRUE,FALSE,FALSE,TRUE,TRUE,FALSE,FALSE,FALSE,FALSE,"1050-Saint-Louis-Floorplans_25 (111-511, 115-315, 147-347) 1BR+O+LX.png",,105-Saint-Louis-Floodplans-Showroom_25.pdf,/assets/carresaintlouis/pdf/105-Saint-Louis-Floodplans-Showroom_25.pdf
residential,11,Unit 311,311,1BR+O+LX+B,0,62.27,889,890,1,1,TRUE,TRUE,FALSE,FALSE,TRUE,TRUE,FALSE,FALSE,FALSE,FALSE,"1050-Saint-Louis-Floorplans_25 (111-511, 115-315, 147-347) 1BR+O+LX.png",,105-Saint-Louis-Floodplans-Showroom_25.pdf,/assets/carresaintlouis/pdf/105-Saint-Louis-Floodplans-Showroom_25.pdf
residential,15,Unit 315,315,1BR+O+LX+B,0,62.27,889,890,1,1,TRUE,TRUE,FALSE,FALSE,TRUE,TRUE,FALSE,FALSE,FALSE,FALSE,"1050-Saint-Louis-Floorplans_25 (111-511, 115-315, 147-347) 1BR+O+LX.png",,105-Saint-Louis-Floodplans-Showroom_25.pdf,/assets/carresaintlouis/pdf/105-Saint-Louis-Floodplans-Showroom_25.pdf
residential,47,Unit 347,347,1BR+O+LX+B,0,62.27,889,890,1,1,TRUE,TRUE,FALSE,FALSE,TRUE,TRUE,FALSE,FALSE,FALSE,FALSE,"1050-Saint-Louis-Floorplans_25 (111-511, 115-315, 147-347) 1BR+O+LX.png",,105-Saint-Louis-Floodplans-Showroom_25.pdf,/assets/carresaintlouis/pdf/105-Saint-Louis-Floodplans-Showroom_25.pdf
residential,11,Unit 411,411,1BR+O+LX+B,0,62.27,889,890,1,1,TRUE,TRUE,FALSE,FALSE,TRUE,TRUE,FALSE,FALSE,FALSE,FALSE,"1050-Saint-Louis-Floorplans_25 (111-511, 115-315, 147-347) 1BR+O+LX.png",,105-Saint-Louis-Floodplans-Showroom_25.pdf,/assets/carresaintlouis/pdf/105-Saint-Louis-Floodplans-Showroom_25.pdf
residential,11,Unit 511,511,1BR+O+LX+B,0,62.27,890,890,1,1,TRUE,TRUE,FALSE,FALSE,TRUE,TRUE,FALSE,FALSE,FALSE,FALSE,"1050-Saint-Louis-Floorplans_25 (111-511, 115-315, 147-347) 1BR+O+LX.png",,105-Saint-Louis-Floodplans-Showroom_25.pdf,/assets/carresaintlouis/pdf/105-Saint-Louis-Floodplans-Showroom_25.pdf
residential,57,Unit 257,257,1BR+O+T,245.4,0,920,920,1,1,TRUE,TRUE,FALSE,FALSE,FALSE,TRUE,FALSE,FALSE,FALSE,FALSE,1050-Saint-Louis-Floorplans_26 (257-557) 1BR+O.png,,105-Saint-Louis-Floodplans-Showroom_26.pdf,/assets/carresaintlouis/pdf/105-Saint-Louis-Floodplans-Showroom_26.pdf
residential,57,Unit 357,357,1BR+O+B,0,59.84,920,920,1,1,TRUE,TRUE,FALSE,FALSE,FALSE,TRUE,FALSE,FALSE,FALSE,FALSE,1050-Saint-Louis-Floorplans_26 (257-557) 1BR+O.png,,105-Saint-Louis-Floodplans-Showroom_26.pdf,/assets/carresaintlouis/pdf/105-Saint-Louis-Floodplans-Showroom_26.pdf
residential,57,Unit 457,457,1BR+O+B,0,59.85,922,920,1,1,TRUE,TRUE,FALSE,FALSE,FALSE,TRUE,FALSE,FALSE,FALSE,FALSE,1050-Saint-Louis-Floorplans_26 (257-557) 1BR+O.png,,105-Saint-Louis-Floodplans-Showroom_26.pdf,/assets/carresaintlouis/pdf/105-Saint-Louis-Floodplans-Showroom_26.pdf
residential,57,Unit 557,557,1BR+O+B,0,60.86,920,920,1,1,TRUE,TRUE,FALSE,FALSE,FALSE,TRUE,FALSE,FALSE,FALSE,FALSE,1050-Saint-Louis-Floorplans_26 (257-557) 1BR+O.png,,105-Saint-Louis-Floodplans-Showroom_26.pdf,/assets/carresaintlouis/pdf/105-Saint-Louis-Floodplans-Showroom_26.pdf
residential,45,Unit 145,145,1BR+O+T,130.85,0,863,865,1,1,TRUE,TRUE,FALSE,FALSE,FALSE,TRUE,TRUE,FALSE,FALSE,FALSE,1050-Saint-Louis-Floorplans_27 (145-345) 1BR+O.png,,105-Saint-Louis-Floodplans-Showroom_27.pdf,/assets/carresaintlouis/pdf/105-Saint-Louis-Floodplans-Showroom_27.pdf
residential,45,Unit 245,245,1BR+O+B,0,62.27,862,865,1,1,TRUE,TRUE,FALSE,FALSE,FALSE,TRUE,TRUE,FALSE,FALSE,FALSE,1050-Saint-Louis-Floorplans_27 (145-345) 1BR+O.png,,105-Saint-Louis-Floodplans-Showroom_27.pdf,/assets/carresaintlouis/pdf/105-Saint-Louis-Floodplans-Showroom_27.pdf
residential,45,Unit 345,345,1BR+O+B,0,62.27,862,865,1,1,TRUE,TRUE,FALSE,FALSE,FALSE,TRUE,TRUE,FALSE,FALSE,FALSE,1050-Saint-Louis-Floorplans_27 (145-345) 1BR+O.png,,105-Saint-Louis-Floodplans-Showroom_27.pdf,/assets/carresaintlouis/pdf/105-Saint-Louis-Floodplans-Showroom_27.pdf
residential,5,Unit 605,605,2BR+T,332.13,0,1071,1075,2,2,FALSE,TRUE,FALSE,FALSE,FALSE,FALSE,FALSE,FALSE,FALSE,FALSE,1050-Saint-Louis-Floorplans_28 (605) 2BR.png,,105-Saint-Louis-Floodplans-Showroom_28.pdf,/assets/carresaintlouis/pdf/105-Saint-Louis-Floodplans-Showroom_28.pdf
residential,18,Unit 118,118,2BR+T,280.34,0,1180,1175,2,2,TRUE,TRUE,FALSE,FALSE,FALSE,FALSE,FALSE,FALSE,FALSE,FALSE,1050-Saint-Louis-Floorplans_29 (118-318) 2BR.png,,105-Saint-Louis-Floodplans-Showroom_29.pdf,/assets/carresaintlouis/pdf/105-Saint-Louis-Floodplans-Showroom_29.pdf
residential,18,Unit 218,218,2BR+B,0,68.81,1184,1175,2,2,TRUE,TRUE,FALSE,FALSE,FALSE,FALSE,FALSE,FALSE,FALSE,FALSE,1050-Saint-Louis-Floorplans_29 (118-318) 2BR.png,,105-Saint-Louis-Floodplans-Showroom_29.pdf,/assets/carresaintlouis/pdf/105-Saint-Louis-Floodplans-Showroom_29.pdf
residential,18,Unit 318,318,2BR+B,0,66.82,1186,1175,2,2,TRUE,TRUE,FALSE,FALSE,FALSE,FALSE,FALSE,FALSE,FALSE,FALSE,1050-Saint-Louis-Floorplans_29 (118-318) 2BR.png,,105-Saint-Louis-Floodplans-Showroom_29.pdf,/assets/carresaintlouis/pdf/105-Saint-Louis-Floodplans-Showroom_29.pdf
residential,12,Unit 312,312,2BR+T,98.18,0,1183,1200,2,2,FALSE,TRUE,FALSE,FALSE,FALSE,FALSE,FALSE,FALSE,FALSE,FALSE,1050-Saint-Louis-Floorplans_30 (312) 2BR.png,,105-Saint-Louis-Floodplans-Showroom_30.pdf,/assets/carresaintlouis/pdf/105-Saint-Louis-Floodplans-Showroom_30.pdf
residential,28,Unit 528,528,2BR+T,130.81,0,1036,1050,2,2,FALSE,TRUE,FALSE,FALSE,FALSE,FALSE,FALSE,FALSE,FALSE,FALSE,"1050-Saint-Louis-Floorplans_31 (528, 628) 2BR.png",,105-Saint-Louis-Floodplans-Showroom_31.pdf,/assets/carresaintlouis/pdf/105-Saint-Louis-Floodplans-Showroom_31.pdf
residential,28,Unit 628,628,2BR+B,0,135.59,1037,1050,2,2,FALSE,TRUE,FALSE,FALSE,FALSE,FALSE,FALSE,FALSE,FALSE,FALSE,"1050-Saint-Louis-Floorplans_31 (528, 628) 2BR.png",,105-Saint-Louis-Floodplans-Showroom_31.pdf,/assets/carresaintlouis/pdf/105-Saint-Louis-Floodplans-Showroom_31.pdf
residential,22,Unit 622,622,C2BR+T,287.91,0,1288,1250,2,2,FALSE,TRUE,FALSE,FALSE,FALSE,FALSE,FALSE,FALSE,FALSE,FALSE,1050-Saint-Louis-Floorplans_32 (622) 2BR.png,,105-Saint-Louis-Floodplans-Showroom_32.pdf,/assets/carresaintlouis/pdf/105-Saint-Louis-Floodplans-Showroom_32.pdf
residential,3,Unit 603,603,2BR+LUX+T,607.08,0,1351,1350,2,2,TRUE,TRUE,FALSE,FALSE,FALSE,FALSE,FALSE,FALSE,FALSE,FALSE,"1050-Saint-Louis-Floorplans_33 (603, 675, 677, 679 LUX) 2BR.png",,105-Saint-Louis-Floodplans-Showroom_33.pdf,/assets/carresaintlouis/pdf/105-Saint-Louis-Floodplans-Showroom_33.pdf
residential,75,Unit 675,675,2BR+LUX+T,470.29,0,1355,1350,2,2,TRUE,TRUE,FALSE,FALSE,FALSE,FALSE,FALSE,FALSE,FALSE,FALSE,"1050-Saint-Louis-Floorplans_33 (603, 675, 677, 679 LUX) 2BR.png",,105-Saint-Louis-Floodplans-Showroom_33.pdf,/assets/carresaintlouis/pdf/105-Saint-Louis-Floodplans-Showroom_33.pdf
residential,77,Unit 677,677,2BR+LUX+T,678.31,0,1355,1350,2,2,TRUE,TRUE,FALSE,FALSE,FALSE,FALSE,FALSE,FALSE,FALSE,FALSE,"1050-Saint-Louis-Floorplans_33 (603, 675, 677, 679 LUX) 2BR.png",,105-Saint-Louis-Floodplans-Showroom_33.pdf,/assets/carresaintlouis/pdf/105-Saint-Louis-Floodplans-Showroom_33.pdf
residential,79,Unit 679,679,2BR+LUX+B,0,117.77,1355,1350,2,2,TRUE,TRUE,FALSE,FALSE,FALSE,FALSE,FALSE,FALSE,FALSE,FALSE,"1050-Saint-Louis-Floorplans_33 (603, 675, 677, 679 LUX) 2BR.png",,105-Saint-Louis-Floodplans-Showroom_33.pdf,/assets/carresaintlouis/pdf/105-Saint-Louis-Floodplans-Showroom_33.pdf
residential,61,Unit 561,561,2BR+T,291.86,0,937,950,2,2,FALSE,TRUE,FALSE,FALSE,FALSE,FALSE,TRUE,FALSE,FALSE,FALSE,1050-Saint-Louis-Floorplans_34 (561) 2BR.png,,105-Saint-Louis-Floodplans-Showroom_34.pdf,/assets/carresaintlouis/pdf/105-Saint-Louis-Floodplans-Showroom_34.pdf
residential,1,Unit 601,601,C2BR+LUX+T,948.26,0,1452,1450,2,2,FALSE,TRUE,FALSE,FALSE,FALSE,FALSE,TRUE,FALSE,FALSE,FALSE,1050-Saint-Louis-Floorplans_35 (601 LUX) 2BR.png,,105-Saint-Louis-Floodplans-Showroom_35.pdf,/assets/carresaintlouis/pdf/105-Saint-Louis-Floodplans-Showroom_35.pdf
residential,4,Unit 504,504,C2BR+LUX+T,171.08,0,1411,1425,2,2,FALSE,TRUE,FALSE,FALSE,FALSE,FALSE,TRUE,FALSE,FALSE,FALSE,1050-Saint-Louis-Floorplans_36 (504 LUX) 2BR.png,,105-Saint-Louis-Floodplans-Showroom_36.pdf,/assets/carresaintlouis/pdf/105-Saint-Louis-Floodplans-Showroom_36.pdf
residential,8,Unit 108,108,2BR+T,250.71,0,1029,1035,2,1,FALSE,TRUE,FALSE,FALSE,FALSE,FALSE,FALSE,FALSE,FALSE,FALSE,1050-Saint-Louis-Floorplans_37 (108) 2BR.png,,105-Saint-Louis-Floodplans-Showroom_37.pdf,/assets/carresaintlouis/pdf/105-Saint-Louis-Floodplans-Showroom_37.pdf
residential,8,Unit 208,208,2BR+B,0,67.78,1100,1035,2,1,TRUE,FALSE,FALSE,FALSE,FALSE,FALSE,FALSE,FALSE,FALSE,FALSE,"1050-Saint-Louis-Floorplans_38 (208, 308) 2BR.png",,105-Saint-Louis-Floodplans-Showroom_38.pdf,/assets/carresaintlouis/pdf/105-Saint-Louis-Floodplans-Showroom_38.pdf
residential,8,Unit 308,308,2BR+B,0,67.89,1101,1035,2,1,TRUE,FALSE,FALSE,FALSE,FALSE,FALSE,FALSE,FALSE,FALSE,FALSE,"1050-Saint-Louis-Floorplans_38 (208, 308) 2BR.png",,105-Saint-Louis-Floodplans-Showroom_38.pdf,/assets/carresaintlouis/pdf/105-Saint-Louis-Floodplans-Showroom_38.pdf
residential,6,Unit 106,106,2BR+T,232.82,0,1000,1100,2,1,FALSE,TRUE,FALSE,FALSE,FALSE,FALSE,FALSE,FALSE,FALSE,FALSE,1050-Saint-Louis-Floorplans_39 (106) 2BR.png,,105-Saint-Louis-Floodplans-Showroom_39.pdf,/assets/carresaintlouis/pdf/105-Saint-Louis-Floodplans-Showroom_39.pdf
residential,6,Unit 206,206,2BR+B,0,67.41,1076,1100,2,1,TRUE,FALSE,FALSE,FALSE,FALSE,FALSE,FALSE,FALSE,FALSE,FALSE,"1050-Saint-Louis-Floorplans_40 (206, 306) 2BR.png",,105-Saint-Louis-Floodplans-Showroom_40.pdf,/assets/carresaintlouis/pdf/105-Saint-Louis-Floodplans-Showroom_40.pdf
residential,6,Unit 306,306,2BR+B,0,67.3,1087,1100,2,1,TRUE,FALSE,FALSE,FALSE,FALSE,FALSE,FALSE,FALSE,FALSE,FALSE,"1050-Saint-Louis-Floorplans_40 (206, 306) 2BR.png",,105-Saint-Louis-Floodplans-Showroom_40.pdf,/assets/carresaintlouis/pdf/105-Saint-Louis-Floodplans-Showroom_40.pdf
residential,28,Unit 128,128,2BR+LUX+T,221.65,0,1236,1380,2,2,FALSE,TRUE,FALSE,FALSE,FALSE,FALSE,FALSE,TRUE,FALSE,FALSE,1050-Saint-Louis-Floorplans_41 (128 LUX)Handicap 2BR.png,,105-Saint-Louis-Floodplans-Showroom_41.pdf,/assets/carresaintlouis/pdf/105-Saint-Louis-Floodplans-Showroom_41.pdf
residential,43,Unit 143,143,C2BR+O+LUX+T,121.54,0,1478,1300,2,2,TRUE,TRUE,FALSE,FALSE,FALSE,TRUE,FALSE,FALSE,FALSE,FALSE,"1050-Saint-Louis-Floorplans_42 (143, 243, 343 LUX) 2BR+O.png",,105-Saint-Louis-Floodplans-Showroom_42.pdf,/assets/carresaintlouis/pdf/105-Saint-Louis-Floodplans-Showroom_42.pdf
residential,43,Unit 243,243,C2BR+O+LUX+B,0,61.19,1478,1300,2,2,TRUE,TRUE,FALSE,FALSE,FALSE,TRUE,FALSE,FALSE,FALSE,FALSE,"1050-Saint-Louis-Floorplans_42 (143, 243, 343 LUX) 2BR+O.png",,105-Saint-Louis-Floodplans-Showroom_42.pdf,/assets/carresaintlouis/pdf/105-Saint-Louis-Floodplans-Showroom_42.pdf
residential,43,Unit 343,343,C2BR+O+LUX+B,0,61.19,1478,1300,2,2,TRUE,TRUE,FALSE,FALSE,FALSE,TRUE,FALSE,FALSE,FALSE,FALSE,"1050-Saint-Louis-Floorplans_42 (143, 243, 343 LUX) 2BR+O.png",,105-Saint-Louis-Floodplans-Showroom_42.pdf,/assets/carresaintlouis/pdf/105-Saint-Louis-Floodplans-Showroom_42.pdf
residential,1,Unit 101,101,C2BR+O+LUX+B,0,55.86,1556,1555,2,2,TRUE,FALSE,FALSE,FALSE,FALSE,TRUE,FALSE,FALSE,FALSE,FALSE,1050-Saint-Louis-Floorplans_43 (101-501 LUX) 2BR+O.png,,105-Saint-Louis-Floodplans-Showroom_43.pdf,/assets/carresaintlouis/pdf/105-Saint-Louis-Floodplans-Showroom_43.pdf
residential,1,Unit 201,201,C2BR+O+LUX+B,0,55.9,1556,1555,2,2,TRUE,FALSE,FALSE,FALSE,FALSE,TRUE,FALSE,FALSE,FALSE,FALSE,1050-Saint-Louis-Floorplans_43 (101-501 LUX) 2BR+O.png,,105-Saint-Louis-Floodplans-Showroom_43.pdf,/assets/carresaintlouis/pdf/105-Saint-Louis-Floodplans-Showroom_43.pdf
residential,1,Unit 301,301,C2BR+O+LUX+B,0,55.86,1556,1555,2,2,TRUE,FALSE,FALSE,FALSE,FALSE,TRUE,FALSE,FALSE,FALSE,FALSE,1050-Saint-Louis-Floorplans_43 (101-501 LUX) 2BR+O.png,,105-Saint-Louis-Floodplans-Showroom_43.pdf,/assets/carresaintlouis/pdf/105-Saint-Louis-Floodplans-Showroom_43.pdf
residential,1,Unit 401,401,C2BR+O+LUX+B,0,55.86,1556,1555,2,2,TRUE,FALSE,FALSE,FALSE,FALSE,TRUE,FALSE,FALSE,FALSE,FALSE,1050-Saint-Louis-Floorplans_43 (101-501 LUX) 2BR+O.png,,105-Saint-Louis-Floodplans-Showroom_43.pdf,/assets/carresaintlouis/pdf/105-Saint-Louis-Floodplans-Showroom_43.pdf
residential,1,Unit 501,501,C2BR+O+LUX+B,0,55.9,1556,1555,2,2,TRUE,FALSE,FALSE,FALSE,FALSE,TRUE,FALSE,FALSE,FALSE,FALSE,1050-Saint-Louis-Floorplans_43 (101-501 LUX) 2BR+O.png,,105-Saint-Louis-Floodplans-Showroom_43.pdf,/assets/carresaintlouis/pdf/105-Saint-Louis-Floodplans-Showroom_43.pdf
residential,31,Unit 131,131,2BR+O+LUX+T,253.69,0,1432,1430,2,2,TRUE,TRUE,FALSE,FALSE,FALSE,TRUE,TRUE,FALSE,FALSE,FALSE,"1050-Saint-Louis-Floorplans_44 (131, 231, 133, 233 LUX) 2BR+O.png",,105-Saint-Louis-Floodplans-Showroom_44.pdf,/assets/carresaintlouis/pdf/105-Saint-Louis-Floodplans-Showroom_44.pdf
residential,33,Unit 133,133,2BR+O+LUX+T,253.69,0,1432,1430,2,2,TRUE,TRUE,FALSE,FALSE,FALSE,TRUE,TRUE,FALSE,FALSE,FALSE,"1050-Saint-Louis-Floorplans_44 (131, 231, 133, 233 LUX) 2BR+O.png",,105-Saint-Louis-Floodplans-Showroom_44.pdf,/assets/carresaintlouis/pdf/105-Saint-Louis-Floodplans-Showroom_44.pdf
residential,31,Unit 231,231,2BR+O+LUX+B,0,58.9,1428,1430,2,2,TRUE,TRUE,FALSE,FALSE,FALSE,TRUE,TRUE,FALSE,FALSE,FALSE,"1050-Saint-Louis-Floorplans_44 (131, 231, 133, 233 LUX) 2BR+O.png",,105-Saint-Louis-Floodplans-Showroom_44.pdf,/assets/carresaintlouis/pdf/105-Saint-Louis-Floodplans-Showroom_44.pdf
residential,33,Unit 233,233,2BR+O+LUX+B,0,58.9,1428,1430,2,2,TRUE,TRUE,FALSE,FALSE,FALSE,TRUE,TRUE,FALSE,FALSE,FALSE,"1050-Saint-Louis-Floorplans_44 (131, 231, 133, 233 LUX) 2BR+O.png",,105-Saint-Louis-Floodplans-Showroom_44.pdf,/assets/carresaintlouis/pdf/105-Saint-Louis-Floodplans-Showroom_44.pdf
residential,53,Unit 253,253,2BR+O+B,0,62.13,1343,1330,2,2,TRUE,TRUE,FALSE,FALSE,FALSE,TRUE,FALSE,TRUE,FALSE,FALSE,1050-Saint-Louis-Floorplans_45 (153-553) Handicap 2BR+O.png,,105-Saint-Louis-Floodplans-Showroom_45.pdf,/assets/carresaintlouis/pdf/105-Saint-Louis-Floodplans-Showroom_45.pdf
residential,53,Unit 353,353,2BR+O+B,0,62.13,1343,1330,2,2,TRUE,TRUE,FALSE,FALSE,FALSE,TRUE,FALSE,TRUE,FALSE,FALSE,1050-Saint-Louis-Floorplans_45 (153-553) Handicap 2BR+O.png,,105-Saint-Louis-Floodplans-Showroom_45.pdf,/assets/carresaintlouis/pdf/105-Saint-Louis-Floodplans-Showroom_45.pdf
residential,55,Unit 355,355,2BR+O+B,0,62.13,1345,1330,2,2,TRUE,TRUE,FALSE,FALSE,FALSE,TRUE,FALSE,TRUE,FALSE,FALSE,1050-Saint-Louis-Floorplans_47 (255-555)Handicap 2BR+O.png,,105-Saint-Louis-Floodplans-Showroom_47.pdf,/assets/carresaintlouis/pdf/105-Saint-Louis-Floodplans-Showroom_47.pdf
residential,53,Unit 453,453,2BR+O+B,0,62.13,1343,1330,2,2,TRUE,TRUE,FALSE,FALSE,FALSE,TRUE,FALSE,TRUE,FALSE,FALSE,1050-Saint-Louis-Floorplans_45 (153-553) Handicap 2BR+O.png,,105-Saint-Louis-Floodplans-Showroom_45.pdf,/assets/carresaintlouis/pdf/105-Saint-Louis-Floodplans-Showroom_45.pdf
residential,53,Unit 553,553,2BR+O+B,0,62.13,1343,1330,2,2,TRUE,TRUE,FALSE,FALSE,FALSE,TRUE,FALSE,TRUE,FALSE,FALSE,1050-Saint-Louis-Floorplans_45 (153-553) Handicap 2BR+O.png,,105-Saint-Louis-Floodplans-Showroom_45.pdf,/assets/carresaintlouis/pdf/105-Saint-Louis-Floodplans-Showroom_45.pdf
residential,53,Unit 153,153,2BR+O+T,126.24,0,1355,1330,2,2,TRUE,TRUE,FALSE,FALSE,FALSE,TRUE,FALSE,TRUE,FALSE,FALSE,1050-Saint-Louis-Floorplans_46 (153) Handicap 2BR+O.png,,105-Saint-Louis-Floodplans-Showroom_46.pdf,/assets/carresaintlouis/pdf/105-Saint-Louis-Floodplans-Showroom_46.pdf
residential,55,Unit 255,255,2BR+O+T,209.84,0,1345,1330,2,2,TRUE,TRUE,FALSE,FALSE,FALSE,TRUE,FALSE,TRUE,FALSE,FALSE,1050-Saint-Louis-Floorplans_47 (255-555)Handicap 2BR+O.png,,105-Saint-Louis-Floodplans-Showroom_47.pdf,/assets/carresaintlouis/pdf/105-Saint-Louis-Floodplans-Showroom_47.pdf
residential,55,Unit 455,455,2BR+O+B,0,62.13,1345,1330,2,2,TRUE,TRUE,FALSE,FALSE,FALSE,TRUE,FALSE,TRUE,FALSE,FALSE,1050-Saint-Louis-Floorplans_47 (255-555)Handicap 2BR+O.png,,105-Saint-Louis-Floodplans-Showroom_47.pdf,/assets/carresaintlouis/pdf/105-Saint-Louis-Floodplans-Showroom_47.pdf
residential,55,Unit 555,555,2BR+O+B,0,62.13,1346,1330,2,2,TRUE,TRUE,FALSE,FALSE,FALSE,TRUE,FALSE,TRUE,FALSE,FALSE,1050-Saint-Louis-Floorplans_47 (255-555)Handicap 2BR+O.png,,105-Saint-Louis-Floodplans-Showroom_47.pdf,/assets/carresaintlouis/pdf/105-Saint-Louis-Floodplans-Showroom_47.pdf
residential,61,Unit 261,261,2BR+O+T,277.74,0,1239,1240,2,2,TRUE,TRUE,FALSE,FALSE,FALSE,TRUE,FALSE,FALSE,FALSE,FALSE,1050-Saint-Louis-Floorplans_48 (261-461) 2BR+O.png,,105-Saint-Louis-Floodplans-Showroom_48.pdf,/assets/carresaintlouis/pdf/105-Saint-Louis-Floodplans-Showroom_48.pdf
residential,61,Unit 361,361,2BR+O+B,0,58.9,1241,1240,2,2,TRUE,TRUE,FALSE,FALSE,FALSE,TRUE,FALSE,FALSE,FALSE,FALSE,1050-Saint-Louis-Floorplans_48 (261-461) 2BR+O.png,,105-Saint-Louis-Floodplans-Showroom_48.pdf,/assets/carresaintlouis/pdf/105-Saint-Louis-Floodplans-Showroom_48.pdf
residential,61,Unit 461,461,2BR+O+B,0,58.9,1241,1240,2,2,TRUE,TRUE,FALSE,FALSE,FALSE,TRUE,FALSE,FALSE,FALSE,FALSE,1050-Saint-Louis-Floorplans_48 (261-461) 2BR+O.png,,105-Saint-Louis-Floodplans-Showroom_48.pdf,/assets/carresaintlouis/pdf/105-Saint-Louis-Floodplans-Showroom_48.pdf
residential,51,Unit 551,551,C2BR+O+LUX+T,1018.13,0,1352,1350,2,2,FALSE,TRUE,FALSE,FALSE,FALSE,TRUE,FALSE,FALSE,FALSE,FALSE,1050-Saint-Louis-Floorplans_49 (551 LUX) 2BR+O+T.png,,105-Saint-Louis-Floodplans-Showroom_49.pdf,/assets/carresaintlouis/pdf/105-Saint-Louis-Floodplans-Showroom_49.pdf
residential,69,Unit 669,669,2BR+O+LUX+T,424.15,0,1357,1350,2,2,FALSE,TRUE,FALSE,FALSE,FALSE,TRUE,TRUE,FALSE,FALSE,FALSE,1050-Saint-Louis-Floorplans_50 (669 LUX) 2BR+O+T.png,,105-Saint-Louis-Floodplans-Showroom_50.pdf,/assets/carresaintlouis/pdf/105-Saint-Louis-Floodplans-Showroom_50.pdf
residential,2,Unit 202,202,2BR+O+T,282.69,0,1270,1260,2,2,TRUE,TRUE,FALSE,FALSE,FALSE,TRUE,TRUE,FALSE,FALSE,FALSE,"1050-Saint-Louis-Floorplans_51 (202-502, 232-632) 2BR+O.png",https://www.solutioneers.dev/tours/1804/210/,105-Saint-Louis-Floodplans-Showroom_51.pdf,/assets/carresaintlouis/pdf/105-Saint-Louis-Floodplans-Showroom_51.pdf
residential,32,Unit 232,232,2BR+O+T,292.34,0,1269,1260,2,2,TRUE,TRUE,FALSE,FALSE,FALSE,TRUE,TRUE,FALSE,FALSE,FALSE,"1050-Saint-Louis-Floorplans_51 (202-502, 232-632) 2BR+O.png",,105-Saint-Louis-Floodplans-Showroom_51.pdf,/assets/carresaintlouis/pdf/105-Saint-Louis-Floodplans-Showroom_51.pdf
residential,2,Unit 302,302,2BR+O+B,0,61.22,1284,1260,2,2,TRUE,TRUE,FALSE,FALSE,FALSE,TRUE,TRUE,FALSE,FALSE,FALSE,"1050-Saint-Louis-Floorplans_51 (202-502, 232-632) 2BR+O.png",,105-Saint-Louis-Floodplans-Showroom_51.pdf,/assets/carresaintlouis/pdf/105-Saint-Louis-Floodplans-Showroom_51.pdf
residential,32,Unit 332,332,2BR+O+B,0,62.36,1255,1260,2,2,TRUE,TRUE,FALSE,FALSE,FALSE,TRUE,TRUE,FALSE,FALSE,FALSE,"1050-Saint-Louis-Floorplans_51 (202-502, 232-632) 2BR+O.png",,105-Saint-Louis-Floodplans-Showroom_51.pdf,/assets/carresaintlouis/pdf/105-Saint-Louis-Floodplans-Showroom_51.pdf
residential,2,Unit 402,402,2BR+O+B,0,64.22,1268,1260,2,2,TRUE,TRUE,FALSE,FALSE,FALSE,TRUE,TRUE,FALSE,FALSE,FALSE,"1050-Saint-Louis-Floorplans_51 (202-502, 232-632) 2BR+O.png",,105-Saint-Louis-Floodplans-Showroom_51.pdf,/assets/carresaintlouis/pdf/105-Saint-Louis-Floodplans-Showroom_51.pdf
residential,32,Unit 432,432,2BR+B,0,62.36,1268,1260,2,2,TRUE,TRUE,FALSE,FALSE,FALSE,TRUE,TRUE,FALSE,FALSE,FALSE,"1050-Saint-Louis-Floorplans_51 (202-502, 232-632) 2BR+O.png",,105-Saint-Louis-Floodplans-Showroom_51.pdf,/assets/carresaintlouis/pdf/105-Saint-Louis-Floodplans-Showroom_51.pdf
residential,2,Unit 502,502,2BR+O+T,282.69,0,1270,1260,2,2,TRUE,TRUE,FALSE,FALSE,FALSE,TRUE,TRUE,FALSE,FALSE,FALSE,"1050-Saint-Louis-Floorplans_51 (202-502, 232-632) 2BR+O.png",,105-Saint-Louis-Floodplans-Showroom_51.pdf,/assets/carresaintlouis/pdf/105-Saint-Louis-Floodplans-Showroom_51.pdf
residential,32,Unit 532,532,2BR+O+B,0,62.22,1268,1260,2,2,TRUE,TRUE,FALSE,FALSE,FALSE,TRUE,TRUE,FALSE,FALSE,FALSE,"1050-Saint-Louis-Floorplans_51 (202-502, 232-632) 2BR+O.png",,105-Saint-Louis-Floodplans-Showroom_51.pdf,/assets/carresaintlouis/pdf/105-Saint-Louis-Floodplans-Showroom_51.pdf
residential,32,Unit 632,632,2BR+O+B,0,62.36,1269,1260,2,2,TRUE,TRUE,FALSE,FALSE,FALSE,TRUE,TRUE,FALSE,FALSE,FALSE,"1050-Saint-Louis-Floorplans_51 (202-502, 232-632) 2BR+O.png",,105-Saint-Louis-Floodplans-Showroom_51.pdf,/assets/carresaintlouis/pdf/105-Saint-Louis-Floodplans-Showroom_51.pdf
residential,24,Unit 224,224,2BR+O+B,0,66.41,1117,1110,2,2,TRUE,FALSE,FALSE,FALSE,FALSE,TRUE,TRUE,FALSE,FALSE,FALSE,"1050-Saint-Louis-Floorplans_52 (224, 324, 524, 624) 2BR+O.png",,105-Saint-Louis-Floodplans-Showroom_52.pdf,/assets/carresaintlouis/pdf/105-Saint-Louis-Floodplans-Showroom_52.pdf
residential,24,Unit 324,324,2BR+O+B,0,66.37,1116,1110,2,2,TRUE,FALSE,FALSE,FALSE,FALSE,TRUE,TRUE,FALSE,FALSE,FALSE,"1050-Saint-Louis-Floorplans_52 (224, 324, 524, 624) 2BR+O.png",,105-Saint-Louis-Floodplans-Showroom_52.pdf,/assets/carresaintlouis/pdf/105-Saint-Louis-Floodplans-Showroom_52.pdf
residential,24,Unit 524,524,2BR+O+B,0,66.36,1116,1110,2,2,TRUE,FALSE,FALSE,FALSE,FALSE,TRUE,TRUE,FALSE,FALSE,FALSE,"1050-Saint-Louis-Floorplans_52 (224, 324, 524, 624) 2BR+O.png",,105-Saint-Louis-Floodplans-Showroom_52.pdf,/assets/carresaintlouis/pdf/105-Saint-Louis-Floodplans-Showroom_52.pdf
residential,24,Unit 624,624,2BR+O+B,0,66.36,1118,1110,2,2,TRUE,FALSE,FALSE,FALSE,FALSE,TRUE,TRUE,FALSE,FALSE,FALSE,"1050-Saint-Louis-Floorplans_52 (224, 324, 524, 624) 2BR+O.png",,105-Saint-Louis-Floodplans-Showroom_52.pdf,/assets/carresaintlouis/pdf/105-Saint-Louis-Floodplans-Showroom_52.pdf
residential,21,Unit 121,121,C2BR+O+LUX+T,241.6,0,1591,1600,2,2,TRUE,FALSE,FALSE,FALSE,FALSE,TRUE,TRUE,FALSE,FALSE,FALSE,1050-Saint-Louis-Floorplans_53 (121-321 LUX) C2BR+O.png,,105-Saint-Louis-Floodplans-Showroom_53.pdf,/assets/carresaintlouis/pdf/105-Saint-Louis-Floodplans-Showroom_53.pdf
residential,21,Unit 221,221,C2BR+O+LUX+B,0,62.27,1591,1600,2,2,TRUE,FALSE,FALSE,FALSE,FALSE,TRUE,TRUE,FALSE,FALSE,FALSE,1050-Saint-Louis-Floorplans_53 (121-321 LUX) C2BR+O.png,,105-Saint-Louis-Floodplans-Showroom_53.pdf,/assets/carresaintlouis/pdf/105-Saint-Louis-Floodplans-Showroom_53.pdf
residential,21,Unit 321,321,C2BR+O+LUX+B,0,62.27,1592,1600,2,2,TRUE,FALSE,FALSE,FALSE,FALSE,TRUE,TRUE,FALSE,FALSE,FALSE,1050-Saint-Louis-Floorplans_53 (121-321 LUX) C2BR+O.png,,105-Saint-Louis-Floodplans-Showroom_53.pdf,/assets/carresaintlouis/pdf/105-Saint-Louis-Floodplans-Showroom_53.pdf
residential,26,Unit 226,226,2BR+O+B,0,67.13,1112,1120,2,1,TRUE,FALSE,FALSE,FALSE,FALSE,TRUE,FALSE,FALSE,FALSE,FALSE,1050-Saint-Louis-Floorplans_54 (226-626) 2BR+O.png,,105-Saint-Louis-Floodplans-Showroom_54.pdf,/assets/carresaintlouis/pdf/105-Saint-Louis-Floodplans-Showroom_54.pdf
residential,26,Unit 326,326,2BR+O+B,0,67.18,1129,1120,2,1,TRUE,FALSE,FALSE,FALSE,FALSE,TRUE,FALSE,FALSE,FALSE,FALSE,1050-Saint-Louis-Floorplans_54 (226-626) 2BR+O.png,,105-Saint-Louis-Floodplans-Showroom_54.pdf,/assets/carresaintlouis/pdf/105-Saint-Louis-Floodplans-Showroom_54.pdf
residential,26,Unit 426,426,2BR+O+B,0,67.18,1116,1120,2,1,TRUE,FALSE,FALSE,FALSE,FALSE,TRUE,FALSE,FALSE,FALSE,FALSE,1050-Saint-Louis-Floorplans_54 (226-626) 2BR+O.png,,105-Saint-Louis-Floodplans-Showroom_54.pdf,/assets/carresaintlouis/pdf/105-Saint-Louis-Floodplans-Showroom_54.pdf
residential,26,Unit 526,526,2BR+O+B,0,67.18,1124,1120,2,1,TRUE,FALSE,FALSE,FALSE,FALSE,TRUE,FALSE,FALSE,FALSE,FALSE,1050-Saint-Louis-Floorplans_54 (226-626) 2BR+O.png,,105-Saint-Louis-Floodplans-Showroom_54.pdf,/assets/carresaintlouis/pdf/105-Saint-Louis-Floodplans-Showroom_54.pdf
residential,26,Unit 626,626,2BR+O+B,0,67.18,1124,1120,2,1,TRUE,FALSE,FALSE,FALSE,FALSE,TRUE,FALSE,FALSE,FALSE,FALSE,1050-Saint-Louis-Floorplans_54 (226-626) 2BR+O.png,,105-Saint-Louis-Floodplans-Showroom_54.pdf,/assets/carresaintlouis/pdf/105-Saint-Louis-Floodplans-Showroom_54.pdf
residential,22,Unit 122,122,2BR+O+T,386.77,0,1285,1270,2,2,TRUE,TRUE,FALSE,FALSE,FALSE,TRUE,FALSE,FALSE,FALSE,FALSE,1050-Saint-Louis-Floorplans_55 (122) 2BR+O.png,,105-Saint-Louis-Floodplans-Showroom_55.pdf,/assets/carresaintlouis/pdf/105-Saint-Louis-Floodplans-Showroom_55.pdf
residential,22,Unit 222,222,2BR+O+B,0,120.68,1272,1270,2,2,TRUE,TRUE,FALSE,FALSE,FALSE,TRUE,FALSE,FALSE,FALSE,FALSE,"1050-Saint-Louis-Floorplans_56 (222, 322) 2BR+O.png",,105-Saint-Louis-Floodplans-Showroom_56.pdf,/assets/carresaintlouis/pdf/105-Saint-Louis-Floodplans-Showroom_56.pdf
residential,22,Unit 322,322,2BR+O+B,0,120.51,1273,1270,2,2,TRUE,TRUE,FALSE,FALSE,FALSE,TRUE,FALSE,FALSE,FALSE,FALSE,"1050-Saint-Louis-Floorplans_56 (222, 322) 2BR+O.png",,105-Saint-Louis-Floodplans-Showroom_56.pdf,/assets/carresaintlouis/pdf/105-Saint-Louis-Floodplans-Showroom_56.pdf
residential,4,Unit 204,204,2BR+O+T,814.1,0,1286,1270,2,2,TRUE,TRUE,FALSE,FALSE,FALSE,TRUE,FALSE,FALSE,FALSE,FALSE,"1050-Saint-Louis-Floorplans_57 (204, 304) 2BR+O.png",,105-Saint-Louis-Floodplans-Showroom_57.pdf,/assets/carresaintlouis/pdf/105-Saint-Louis-Floodplans-Showroom_57.pdf
residential,4,Unit 304,304,2BR+O+B,0,117.43,1287,1270,2,2,TRUE,TRUE,FALSE,FALSE,FALSE,TRUE,FALSE,FALSE,FALSE,FALSE,"1050-Saint-Louis-Floorplans_57 (204, 304) 2BR+O.png",,105-Saint-Louis-Floodplans-Showroom_57.pdf,/assets/carresaintlouis/pdf/105-Saint-Louis-Floodplans-Showroom_57.pdf
residential,10,Unit 310,310,2BR+O+T,49.17,0,1234,1235,2,2,FALSE,TRUE,FALSE,FALSE,FALSE,TRUE,FALSE,TRUE,FALSE,FALSE,"1050-Saint-Louis-Floorplans_58 (310, 316)Handicap 2BR+O.png",,105-Saint-Louis-Floodplans-Showroom_58.pdf,/assets/carresaintlouis/pdf/105-Saint-Louis-Floodplans-Showroom_58.pdf
residential,16,Unit 316,316,2BR+O+T,49.09,0,1234,1235,2,2,FALSE,TRUE,FALSE,FALSE,FALSE,TRUE,FALSE,TRUE,FALSE,FALSE,"1050-Saint-Louis-Floorplans_58 (310, 316)Handicap 2BR+O.png",,105-Saint-Louis-Floodplans-Showroom_58.pdf,/assets/carresaintlouis/pdf/105-Saint-Louis-Floodplans-Showroom_58.pdf
residential,41,Unit 241,241,2BR+O+B,0,62.27,1217,1220,2,2,TRUE,TRUE,FALSE,FALSE,FALSE,TRUE,TRUE,FALSE,FALSE,FALSE,1050-Saint-Louis-Floorplans_59 (141-341) 2BR+O.png,https://www.solutioneers.dev/tours/1804/210/,105-Saint-Louis-Floodplans-Showroom_59.pdf,/assets/carresaintlouis/pdf/105-Saint-Louis-Floodplans-Showroom_59.pdf
residential,41,Unit 141,141,2BR+O+T,122.06,0,1217,1220,2,2,TRUE,TRUE,FALSE,FALSE,FALSE,TRUE,TRUE,FALSE,FALSE,FALSE,1050-Saint-Louis-Floorplans_59 (141-341) 2BR+O.png,,105-Saint-Louis-Floodplans-Showroom_59.pdf,/assets/carresaintlouis/pdf/105-Saint-Louis-Floodplans-Showroom_59.pdf
residential,41,Unit 341,341,2BR+O+B,0,62.32,1218,1220,2,2,TRUE,TRUE,FALSE,FALSE,FALSE,TRUE,TRUE,FALSE,FALSE,FALSE,1050-Saint-Louis-Floorplans_59 (141-341) 2BR+O.png,,105-Saint-Louis-Floodplans-Showroom_59.pdf,/assets/carresaintlouis/pdf/105-Saint-Louis-Floodplans-Showroom_59.pdf
residential,28,Unit 228,228,2BR+O+T,539.41,0,1173,1175,2,2,TRUE,TRUE,FALSE,FALSE,FALSE,TRUE,FALSE,FALSE,FALSE,FALSE,1050-Saint-Louis-Floorplans_60 (228-428) 2BR+O.png,,105-Saint-Louis-Floodplans-Showroom_60.pdf,/assets/carresaintlouis/pdf/105-Saint-Louis-Floodplans-Showroom_60.pdf
residential,28,Unit 328,328,2BR+O+B,0,110.18,1173,1175,2,2,TRUE,TRUE,FALSE,FALSE,FALSE,TRUE,FALSE,FALSE,FALSE,FALSE,1050-Saint-Louis-Floorplans_60 (228-428) 2BR+O.png,,105-Saint-Louis-Floodplans-Showroom_60.pdf,/assets/carresaintlouis/pdf/105-Saint-Louis-Floodplans-Showroom_60.pdf
residential,28,Unit 428,428,2BR+O+B,0,110.18,1174,1175,2,2,TRUE,TRUE,FALSE,FALSE,FALSE,TRUE,FALSE,FALSE,FALSE,FALSE,1050-Saint-Louis-Floorplans_60 (228-428) 2BR+O.png,,105-Saint-Louis-Floodplans-Showroom_60.pdf,/assets/carresaintlouis/pdf/105-Saint-Louis-Floodplans-Showroom_60.pdf
residential,4,Unit 404,404,C3BR+LUX+T,300.85,0,1588,1600,2,2,FALSE,TRUE,FALSE,FALSE,FALSE,TRUE,TRUE,FALSE,FALSE,FALSE,1050-Saint-Louis-Floorplans_61 (404 LUX) 2BR+O+T.png,,105-Saint-Louis-Floodplans-Showroom_61.pdf,/assets/carresaintlouis/pdf/105-Saint-Louis-Floodplans-Showroom_61.pdf
residential,71,Unit 671,671,C2BR+O+LUX+T,862.99,0,1681,1700,2,2,FALSE,TRUE,FALSE,FALSE,FALSE,TRUE,TRUE,TRUE,FALSE,FALSE,1050-Saint-Louis-Floorplans_62 (671 LUX)Handicap 2BR+O+T.png,,105-Saint-Louis-Floodplans-Showroom_62.pdf,/assets/carresaintlouis/pdf/105-Saint-Louis-Floodplans-Showroom_62.pdf
residential,24,Unit 424,424,2BR+O+LUX+B,0,66.36,1414,1400,2,2,TRUE,FALSE,FALSE,FALSE,FALSE,TRUE,TRUE,FALSE,FALSE,FALSE,1050-Saint-Louis-Floorplans_63 (424 LUX) 2BR+O.png,,105-Saint-Louis-Floodplans-Showroom_63.pdf,/assets/carresaintlouis/pdf/105-Saint-Louis-Floodplans-Showroom_63.pdf
residential,22,Unit 522,522,C3BR+LUX+B+T,859.7,0,1592,1600,3,2,FALSE,TRUE,FALSE,FALSE,FALSE,FALSE,FALSE,FALSE,FALSE,FALSE,1050-Saint-Louis-Floorplans_64 (522 LUX) 3BR+T.png,,105-Saint-Louis-Floodplans-Showroom_64.pdf,/assets/carresaintlouis/pdf/105-Saint-Louis-Floodplans-Showroom_64.pdf
residential,7,Unit 607,607,C3BR+LUX+T,1260.39,0,1538,1550,3,2,FALSE,TRUE,FALSE,FALSE,FALSE,FALSE,TRUE,FALSE,FALSE,FALSE,1050-Saint-Louis-Floorplans_65 (607 LUX) 3BR+T.png,,105-Saint-Louis-Floodplans-Showroom_65.pdf,/assets/carresaintlouis/pdf/105-Saint-Louis-Floodplans-Showroom_65.pdf
residential,4,Unit 604,604,C3BR+LUX+B+T,238.81,0,1507,1500,3,3,FALSE,TRUE,FALSE,FALSE,FALSE,FALSE,TRUE,FALSE,FALSE,FALSE,1050-Saint-Louis-Floorplans_66 (604 LUX) 3BR+T+T.png,,105-Saint-Louis-Floodplans-Showroom_66.pdf,/assets/carresaintlouis/pdf/105-Saint-Louis-Floodplans-Showroom_66.pdf
residential,49,Unit 449,449,C3BR+LUX+T,585.9,0,1588,1600,3,2,FALSE,TRUE,FALSE,FALSE,FALSE,FALSE,FALSE,FALSE,FALSE,FALSE,1050-Saint-Louis-Floorplans_67 (449 LUX) 3BR+T.png,,105-Saint-Louis-Floodplans-Showroom_67.pdf,/assets/carresaintlouis/pdf/105-Saint-Louis-Floodplans-Showroom_67.pdf
residential,59,Unit 259,259,C3BR+LUX+T,400.93,0,1833,1825,3,2,FALSE,TRUE,FALSE,FALSE,FALSE,FALSE,TRUE,TRUE,FALSE,FALSE,1050-Saint-Louis-Floorplans_68 (259-559 LUX)Handicap C3BR.png,,105-Saint-Louis-Floodplans-Showroom_68.pdf,/assets/carresaintlouis/pdf/105-Saint-Louis-Floodplans-Showroom_68.pdf
residential,59,Unit 359,359,C3BR+LUX+B,0,59.94,1833,1825,3,2,FALSE,TRUE,FALSE,FALSE,FALSE,FALSE,TRUE,TRUE,FALSE,FALSE,1050-Saint-Louis-Floorplans_68 (259-559 LUX)Handicap C3BR.png,,105-Saint-Louis-Floodplans-Showroom_68.pdf,/assets/carresaintlouis/pdf/105-Saint-Louis-Floodplans-Showroom_68.pdf
residential,59,Unit 459,459,C3BR+O+LUX+B,0,59.95,1831,1825,3,2,FALSE,TRUE,FALSE,FALSE,FALSE,FALSE,TRUE,TRUE,FALSE,FALSE,1050-Saint-Louis-Floorplans_68 (259-559 LUX)Handicap C3BR.png,,105-Saint-Louis-Floodplans-Showroom_68.pdf,/assets/carresaintlouis/pdf/105-Saint-Louis-Floodplans-Showroom_68.pdf
residential,59,Unit 559,559,C3BR+LUX+B,0,59.94,1833,1825,3,2,FALSE,TRUE,FALSE,FALSE,FALSE,FALSE,TRUE,TRUE,FALSE,FALSE,1050-Saint-Louis-Floorplans_68 (259-559 LUX)Handicap C3BR.png,,105-Saint-Louis-Floodplans-Showroom_68.pdf,/assets/carresaintlouis/pdf/105-Saint-Louis-Floodplans-Showroom_68.pdf
residential,15,Unit 515,515,C3BR+O+LUX+T,427.28,0,1725,1725,3,2,FALSE,TRUE,FALSE,FALSE,FALSE,FALSE,TRUE,FALSE,FALSE,FALSE,1050-Saint-Louis-Floorplans_69 (515 LUX) 3BR+T.png,,105-Saint-Louis-Floodplans-Showroom_69.pdf,/assets/carresaintlouis/pdf/105-Saint-Louis-Floodplans-Showroom_69.pdf
residential,30,Unit 330,330,3BR+LUX+T,144.92,0,1660,1660,3,3,TRUE,FALSE,FALSE,FALSE,FALSE,FALSE,TRUE,FALSE,FALSE,FALSE,1050-Saint-Louis-Floorplans_70 (330-630 LUX) 3BR.png,,105-Saint-Louis-Floodplans-Showroom_70.pdf,/assets/carresaintlouis/pdf/105-Saint-Louis-Floodplans-Showroom_70.pdf
residential,30,Unit 430,430,3BR+LUX+T,144.92,0,1660,1660,3,3,TRUE,FALSE,FALSE,FALSE,FALSE,FALSE,TRUE,FALSE,FALSE,FALSE,1050-Saint-Louis-Floorplans_70 (330-630 LUX) 3BR.png,,105-Saint-Louis-Floodplans-Showroom_70.pdf,/assets/carresaintlouis/pdf/105-Saint-Louis-Floodplans-Showroom_70.pdf
residential,30,Unit 530,530,3BR+LUX+T,144.92,0,1660,1660,3,3,TRUE,FALSE,FALSE,FALSE,FALSE,FALSE,TRUE,FALSE,FALSE,FALSE,1050-Saint-Louis-Floorplans_70 (330-630 LUX) 3BR.png,,105-Saint-Louis-Floodplans-Showroom_70.pdf,/assets/carresaintlouis/pdf/105-Saint-Louis-Floodplans-Showroom_70.pdf
residential,30,Unit 630,630,3BR+LUX+T,144.92,0,1660,1660,3,3,TRUE,FALSE,FALSE,FALSE,FALSE,FALSE,TRUE,FALSE,FALSE,FALSE,1050-Saint-Louis-Floorplans_70 (330-630 LUX) 3BR.png,,105-Saint-Louis-Floodplans-Showroom_70.pdf,/assets/carresaintlouis/pdf/105-Saint-Louis-Floodplans-Showroom_70.pdf
residential,15,Unit 415,415,C3BR+O+LUX+T,446.48,0,2127,2100,3,3,FALSE,TRUE,FALSE,FALSE,FALSE,TRUE,TRUE,FALSE,FALSE,FALSE,1050-Saint-Louis-Floorplans_71 (415 LUX) 3BR+O+T.png,,105-Saint-Louis-Floodplans-Showroom_71.pdf,/assets/carresaintlouis/pdf/105-Saint-Louis-Floodplans-Showroom_71.pdf
residential,30,Unit 230,230,3BR+O+LUX+T,760.93,0,1790,1660,3,3,FALSE,TRUE,FALSE,FALSE,FALSE,TRUE,TRUE,FALSE,FALSE,FALSE,1050-Saint-Louis-Floorplans_72 (230 LUX) 3BR+O+T.png,,105-Saint-Louis-Floodplans-Showroom_72.pdf,/assets/carresaintlouis/pdf/105-Saint-Louis-Floodplans-Showroom_72.pdf
residential,22,Unit 422,422,C3BR+O+LUX+T,554.88,120.46,1851,1850,3,2,TRUE,TRUE,FALSE,FALSE,FALSE,TRUE,TRUE,FALSE,FALSE,FALSE,1050-Saint-Louis-Floorplans_73 (422 LUX) 3BR+B+T.png,,105-Saint-Louis-Floodplans-Showroom_73.pdf,/assets/carresaintlouis/pdf/105-Saint-Louis-Floodplans-Showroom_73.pdf
residential,67,Unit 667,667,C3BR+O+LUX+T,1378.95,0,1731,1750,3,2,FALSE,TRUE,FALSE,FALSE,FALSE,TRUE,FALSE,FALSE,FALSE,FALSE,1050-Saint-Louis-Floorplans_74 (667 LUX) 3BR+O+T.png,,105-Saint-Louis-Floodplans-Showroom_74.pdf,/assets/carresaintlouis/pdf/105-Saint-Louis-Floodplans-Showroom_74.pdf
residential,31,Unit 331,331,3BR+O+LUX+B+T,0,58.9,1587,1575,3,2,TRUE,TRUE,FALSE,FALSE,FALSE,TRUE,TRUE,FALSE,FALSE,FALSE,"1050-Saint-Louis-Floorplans_75 (331, 333 LUX) 3BR+O+B+T.png",,105-Saint-Louis-Floodplans-Showroom_75.pdf,/assets/carresaintlouis/pdf/105-Saint-Louis-Floodplans-Showroom_75.pdf
residential,33,Unit 333,333,3BR+O+LUX+B+T,0,58.9,1588,1575,3,2,TRUE,TRUE,FALSE,FALSE,FALSE,TRUE,TRUE,FALSE,FALSE,FALSE,"1050-Saint-Louis-Floorplans_75 (331, 333 LUX) 3BR+O+B+T.png",,105-Saint-Louis-Floodplans-Showroom_75.pdf,/assets/carresaintlouis/pdf/105-Saint-Louis-Floodplans-Showroom_75.pdf
residential,73,Unit 673,673,3BR+O+LUX+T,681.03,0,1679,1700,3,2,FALSE,TRUE,FALSE,FALSE,FALSE,TRUE,FALSE,FALSE,FALSE,FALSE,1050-Saint-Louis-Floorplans_76 (673 LUX) 3BR+O+T.png,,105-Saint-Louis-Floodplans-Showroom_76.pdf,/assets/carresaintlouis/pdf/105-Saint-Louis-Floodplans-Showroom_76.pdf
residential,10,Unit 110,110,1BR+T,257.11,0,816,810,1,1,TRUE,TRUE,FALSE,FALSE,FALSE,FALSE,FALSE,FALSE,FALSE,FALSE,"1050-Saint-Louis-Floorplans-10-16 (110-210, 116-216) 1BR.png",,105-Saint-Louis-Floodplans-Showroom_03.pdf,/assets/carresaintlouis/pdf/105-Saint-Louis-Floodplans-Showroom_03.pdf
residential,16,Unit 116,116,1BR+T,266.81,0,819,810,1,1,TRUE,TRUE,FALSE,FALSE,FALSE,FALSE,FALSE,FALSE,FALSE,FALSE,"1050-Saint-Louis-Floorplans-10-16 (110-210, 116-216) 1BR.png",,105-Saint-Louis-Floodplans-Showroom_03.pdf,/assets/carresaintlouis/pdf/105-Saint-Louis-Floodplans-Showroom_03.pdf
residential,10,Unit 210,210,1BR+B,0,58.86,803,810,1,1,TRUE,TRUE,FALSE,FALSE,FALSE,FALSE,FALSE,FALSE,FALSE,FALSE,"1050-Saint-Louis-Floorplans-10-16 (110-210, 116-216) 1BR.png",,105-Saint-Louis-Floodplans-Showroom_03.pdf,/assets/carresaintlouis/pdf/105-Saint-Louis-Floodplans-Showroom_03.pdf
residential,16,Unit 216,216,1BR+B,0,58.91,820,810,1,1,TRUE,TRUE,FALSE,FALSE,FALSE,FALSE,FALSE,FALSE,FALSE,FALSE,"1050-Saint-Louis-Floorplans-10-16 (110-210, 116-216) 1BR.png",,105-Saint-Louis-Floodplans-Showroom_03.pdf,/assets/carresaintlouis/pdf/105-Saint-Louis-Floodplans-Showroom_03.pdf
residential,12,Unit 212,212,1BR+B,0,58.91,829,830,1,1,TRUE,TRUE,FALSE,FALSE,FALSE,FALSE,FALSE,FALSE,FALSE,FALSE,"1050-Saint-Louis-Floorplans-12-14 (212, 214) 1BR.png",,105-Saint-Louis-Floodplans-Showroom_04.pdf,/assets/carresaintlouis/pdf/105-Saint-Louis-Floodplans-Showroom_04.pdf
residential,14,Unit 214,214,1BR+B,0,58.91,829,830,1,1,TRUE,TRUE,FALSE,FALSE,FALSE,FALSE,FALSE,FALSE,FALSE,FALSE,"1050-Saint-Louis-Floorplans-12-14 (212, 214) 1BR.png",,105-Saint-Louis-Floodplans-Showroom_04.pdf,/assets/carresaintlouis/pdf/105-Saint-Louis-Floodplans-Showroom_04.pdf
residential,19,Unit 119,119,1BR+LX+T,121.8,0,869,860,1,1,TRUE,TRUE,FALSE,FALSE,TRUE,FALSE,TRUE,FALSE,FALSE,FALSE,1050-Saint-Louis-Floorplans-19 (119-319) 1BR+LX.png,,105-Saint-Louis-Floodplans-Showroom_01.pdf,/assets/carresaintlouis/pdf/105-Saint-Louis-Floodplans-Showroom_01.pdf
residential,19,Unit 219,219,1BR+LX+B,0,62.25,869,860,1,1,TRUE,TRUE,FALSE,FALSE,TRUE,FALSE,TRUE,FALSE,FALSE,FALSE,1050-Saint-Louis-Floorplans-19 (119-319) 1BR+LX.png,,105-Saint-Louis-Floodplans-Showroom_01.pdf,/assets/carresaintlouis/pdf/105-Saint-Louis-Floodplans-Showroom_01.pdf
residential,19,Unit 319,319,1BR+LX+B,0,62.3,869,860,1,1,TRUE,TRUE,FALSE,FALSE,TRUE,FALSE,TRUE,FALSE,FALSE,FALSE,1050-Saint-Louis-Floorplans-19 (119-319) 1BR+LX.png,,105-Saint-Louis-Floodplans-Showroom_01.pdf,/assets/carresaintlouis/pdf/105-Saint-Louis-Floodplans-Showroom_01.pdf
residential,29,Unit 129,129,1BR+O+LX+T,122.06,0,910,910,1,1,TRUE,TRUE,FALSE,FALSE,TRUE,TRUE,FALSE,FALSE,FALSE,FALSE,"1050-Saint-Louis-Floorplans-23-39 (123-323, 125-325, 127-327, 129-329, 135-335, 137-337, 139-339) 1BR+O+LX.png",https://www.solutioneers.dev/tours/1804/210/,105-Saint-Louis-Floodplans-Showroom_07.pdf,/assets/carresaintlouis/pdf/105-Saint-Louis-Floodplans-Showroom_07.pdf
residential,27,Unit 227,227,1BR+O+LX+B,0,62.32,909,910,1,1,TRUE,TRUE,FALSE,FALSE,TRUE,TRUE,FALSE,FALSE,FALSE,FALSE,"1050-Saint-Louis-Floorplans-23-39 (123-323, 125-325, 127-327, 129-329, 135-335, 137-337, 139-339) 1BR+O+LX.png",https://www.solutioneers.dev/tours/1804/210/,105-Saint-Louis-Floodplans-Showroom_07.pdf,/assets/carresaintlouis/pdf/105-Saint-Louis-Floodplans-Showroom_07.pdf
residential,23,Unit 323,323,1BR+O+LX+B,0,62.27,909,910,1,1,TRUE,TRUE,FALSE,FALSE,TRUE,TRUE,FALSE,FALSE,FALSE,FALSE,"1050-Saint-Louis-Floorplans-23-39 (123-323, 125-325, 127-327, 129-329, 135-335, 137-337, 139-339) 1BR+O+LX.png",https://www.solutioneers.dev/tours/1804/210/,105-Saint-Louis-Floodplans-Showroom_07.pdf,/assets/carresaintlouis/pdf/105-Saint-Louis-Floodplans-Showroom_07.pdf
residential,23,Unit 123,123,1BR+O+LX+T,122.06,0,909,910,1,1,TRUE,TRUE,FALSE,FALSE,TRUE,TRUE,FALSE,FALSE,FALSE,FALSE,"1050-Saint-Louis-Floorplans-23-39 (123-323, 125-325, 127-327, 129-329, 135-335, 137-337, 139-339) 1BR+O+LX.png",,105-Saint-Louis-Floodplans-Showroom_07.pdf,/assets/carresaintlouis/pdf/105-Saint-Louis-Floodplans-Showroom_07.pdf
residential,25,Unit 125,125,1BR+O+T,122.06,0,910,910,1,1,TRUE,TRUE,FALSE,FALSE,TRUE,TRUE,FALSE,FALSE,FALSE,FALSE,"1050-Saint-Louis-Floorplans-23-39 (123-323, 125-325, 127-327, 129-329, 135-335, 137-337, 139-339) 1BR+O+LX.png",,105-Saint-Louis-Floodplans-Showroom_07.pdf,/assets/carresaintlouis/pdf/105-Saint-Louis-Floodplans-Showroom_07.pdf
residential,27,Unit 127,127,1BR+O+LX+T,122.06,0,909,910,1,1,TRUE,TRUE,FALSE,FALSE,TRUE,TRUE,FALSE,FALSE,FALSE,FALSE,"1050-Saint-Louis-Floorplans-23-39 (123-323, 125-325, 127-327, 129-329, 135-335, 137-337, 139-339) 1BR+O+LX.png",,105-Saint-Louis-Floodplans-Showroom_07.pdf,/assets/carresaintlouis/pdf/105-Saint-Louis-Floodplans-Showroom_07.pdf
residential,35,Unit 135,135,1BR+O+LX+T,122.06,0,910,910,1,1,TRUE,TRUE,FALSE,FALSE,TRUE,TRUE,FALSE,FALSE,FALSE,FALSE,"1050-Saint-Louis-Floorplans-23-39 (123-323, 125-325, 127-327, 129-329, 135-335, 137-337, 139-339) 1BR+O+LX.png",,105-Saint-Louis-Floodplans-Showroom_07.pdf,/assets/carresaintlouis/pdf/105-Saint-Louis-Floodplans-Showroom_07.pdf
residential,37,Unit 137,137,1BR+O+LX+T,122.06,0,910,910,1,1,TRUE,TRUE,FALSE,FALSE,TRUE,TRUE,FALSE,FALSE,FALSE,FALSE,"1050-Saint-Louis-Floorplans-23-39 (123-323, 125-325, 127-327, 129-329, 135-335, 137-337, 139-339) 1BR+O+LX.png",,105-Saint-Louis-Floodplans-Showroom_07.pdf,/assets/carresaintlouis/pdf/105-Saint-Louis-Floodplans-Showroom_07.pdf
residential,39,Unit 139,139,1BR+O+LX+T,122.06,0,910,910,1,1,TRUE,TRUE,FALSE,FALSE,TRUE,TRUE,FALSE,FALSE,FALSE,FALSE,"1050-Saint-Louis-Floorplans-23-39 (123-323, 125-325, 127-327, 129-329, 135-335, 137-337, 139-339) 1BR+O+LX.png",,105-Saint-Louis-Floodplans-Showroom_07.pdf,/assets/carresaintlouis/pdf/105-Saint-Louis-Floodplans-Showroom_07.pdf
residential,23,Unit 223,223,1BR+O+LX+B,0,62.32,909,910,1,1,TRUE,TRUE,FALSE,FALSE,TRUE,TRUE,FALSE,FALSE,FALSE,FALSE,"1050-Saint-Louis-Floorplans-23-39 (123-323, 125-325, 127-327, 129-329, 135-335, 137-337, 139-339) 1BR+O+LX.png",,105-Saint-Louis-Floodplans-Showroom_07.pdf,/assets/carresaintlouis/pdf/105-Saint-Louis-Floodplans-Showroom_07.pdf
residential,25,Unit 225,225,1BR+O+LX+B,0,62.32,910,910,1,1,TRUE,TRUE,FALSE,FALSE,TRUE,TRUE,FALSE,FALSE,FALSE,FALSE,"1050-Saint-Louis-Floorplans-23-39 (123-323, 125-325, 127-327, 129-329, 135-335, 137-337, 139-339) 1BR+O+LX.png",,105-Saint-Louis-Floodplans-Showroom_07.pdf,/assets/carresaintlouis/pdf/105-Saint-Louis-Floodplans-Showroom_07.pdf
residential,29,Unit 229,229,1BR+O+LX+B,0,62.32,910,910,1,1,TRUE,TRUE,FALSE,FALSE,TRUE,TRUE,FALSE,FALSE,FALSE,FALSE,"1050-Saint-Louis-Floorplans-23-39 (123-323, 125-325, 127-327, 129-329, 135-335, 137-337, 139-339) 1BR+O+LX.png",,105-Saint-Louis-Floodplans-Showroom_07.pdf,/assets/carresaintlouis/pdf/105-Saint-Louis-Floodplans-Showroom_07.pdf
residential,35,Unit 235,235,1BR+O+LX+B,0,62.32,910,910,1,1,TRUE,TRUE,FALSE,FALSE,TRUE,TRUE,FALSE,FALSE,FALSE,FALSE,"1050-Saint-Louis-Floorplans-23-39 (123-323, 125-325, 127-327, 129-329, 135-335, 137-337, 139-339) 1BR+O+LX.png",,105-Saint-Louis-Floodplans-Showroom_07.pdf,/assets/carresaintlouis/pdf/105-Saint-Louis-Floodplans-Showroom_07.pdf
residential,37,Unit 237,237,1BR+O+LX+B,0,62.32,910,910,1,1,TRUE,TRUE,FALSE,FALSE,TRUE,TRUE,FALSE,FALSE,FALSE,FALSE,"1050-Saint-Louis-Floorplans-23-39 (123-323, 125-325, 127-327, 129-329, 135-335, 137-337, 139-339) 1BR+O+LX.png",,105-Saint-Louis-Floodplans-Showroom_07.pdf,/assets/carresaintlouis/pdf/105-Saint-Louis-Floodplans-Showroom_07.pdf
residential,39,Unit 239,239,1BR+O+LX+B,0,62.27,910,910,1,1,TRUE,TRUE,FALSE,FALSE,TRUE,TRUE,FALSE,FALSE,FALSE,FALSE,"1050-Saint-Louis-Floorplans-23-39 (123-323, 125-325, 127-327, 129-329, 135-335, 137-337, 139-339) 1BR+O+LX.png",,105-Saint-Louis-Floodplans-Showroom_07.pdf,/assets/carresaintlouis/pdf/105-Saint-Louis-Floodplans-Showroom_07.pdf
residential,67,Unit 267,267,1BR+O+LX+T,83.69,0,915,915,1,1,TRUE,TRUE,FALSE,FALSE,TRUE,TRUE,FALSE,FALSE,FALSE,FALSE,"1050-Saint-Louis-Floorplans_19 (267-567, 269-569) 1BR+O+LX.png",,105-Saint-Louis-Floodplans-Showroom_19.pdf,/assets/carresaintlouis/pdf/105-Saint-Louis-Floodplans-Showroom_19.pdf
residential,69,Unit 269,269,1BR+O+LX+T,83.69,0,915,915,1,1,TRUE,TRUE,FALSE,FALSE,TRUE,TRUE,FALSE,FALSE,FALSE,FALSE,"1050-Saint-Louis-Floorplans_19 (267-567, 269-569) 1BR+O+LX.png",,105-Saint-Louis-Floodplans-Showroom_19.pdf,/assets/carresaintlouis/pdf/105-Saint-Louis-Floodplans-Showroom_19.pdf
residential,25,Unit 325,325,1BR+O+LX+B,0,62.32,910,910,1,1,TRUE,TRUE,FALSE,FALSE,TRUE,TRUE,FALSE,FALSE,FALSE,FALSE,"1050-Saint-Louis-Floorplans-23-39 (123-323, 125-325, 127-327, 129-329, 135-335, 137-337, 139-339) 1BR+O+LX.png",,105-Saint-Louis-Floodplans-Showroom_07.pdf,/assets/carresaintlouis/pdf/105-Saint-Louis-Floodplans-Showroom_07.pdf
residential,27,Unit 327,327,1BR+O+LX+B,0,62.27,909,910,1,1,TRUE,TRUE,FALSE,FALSE,TRUE,TRUE,FALSE,FALSE,FALSE,FALSE,"1050-Saint-Louis-Floorplans-23-39 (123-323, 125-325, 127-327, 129-329, 135-335, 137-337, 139-339) 1BR+O+LX.png",,105-Saint-Louis-Floodplans-Showroom_07.pdf,/assets/carresaintlouis/pdf/105-Saint-Louis-Floodplans-Showroom_07.pdf
residential,29,Unit 329,329,1BR+O+LX+B,0,62.32,910,910,1,1,TRUE,TRUE,FALSE,FALSE,TRUE,TRUE,FALSE,FALSE,FALSE,FALSE,"1050-Saint-Louis-Floorplans-23-39 (123-323, 125-325, 127-327, 129-329, 135-335, 137-337, 139-339) 1BR+O+LX.png",,105-Saint-Louis-Floodplans-Showroom_07.pdf,/assets/carresaintlouis/pdf/105-Saint-Louis-Floodplans-Showroom_07.pdf
residential,35,Unit 335,335,1BR+O+LX+B,0,62.32,910,910,1,1,TRUE,TRUE,FALSE,FALSE,TRUE,TRUE,FALSE,FALSE,FALSE,FALSE,"1050-Saint-Louis-Floorplans-23-39 (123-323, 125-325, 127-327, 129-329, 135-335, 137-337, 139-339) 1BR+O+LX.png",,105-Saint-Louis-Floodplans-Showroom_07.pdf,/assets/carresaintlouis/pdf/105-Saint-Louis-Floodplans-Showroom_07.pdf
residential,37,Unit 337,337,1BR+O+LX+B,0,62.32,910,910,1,1,TRUE,TRUE,FALSE,FALSE,TRUE,TRUE,FALSE,FALSE,FALSE,FALSE,"1050-Saint-Louis-Floorplans-23-39 (123-323, 125-325, 127-327, 129-329, 135-335, 137-337, 139-339) 1BR+O+LX.png",,105-Saint-Louis-Floodplans-Showroom_07.pdf,/assets/carresaintlouis/pdf/105-Saint-Louis-Floodplans-Showroom_07.pdf
residential,39,Unit 339,339,1BR+O+LX+B,0,62.32,910,910,1,1,TRUE,TRUE,FALSE,FALSE,TRUE,TRUE,FALSE,FALSE,FALSE,FALSE,"1050-Saint-Louis-Floorplans-23-39 (123-323, 125-325, 127-327, 129-329, 135-335, 137-337, 139-339) 1BR+O+LX.png",,105-Saint-Louis-Floodplans-Showroom_07.pdf,/assets/carresaintlouis/pdf/105-Saint-Louis-Floodplans-Showroom_07.pdf
residential,67,Unit 367,367,1BR+O+LX+B,0,58.88,915,915,1,1,TRUE,TRUE,FALSE,FALSE,TRUE,TRUE,FALSE,FALSE,FALSE,FALSE,"1050-Saint-Louis-Floorplans_19 (267-567, 269-569) 1BR+O+LX.png",,105-Saint-Louis-Floodplans-Showroom_19.pdf,/assets/carresaintlouis/pdf/105-Saint-Louis-Floodplans-Showroom_19.pdf
residential,69,Unit 369,369,1BR+O+LX+B,0,58.78,915,915,1,1,TRUE,TRUE,FALSE,FALSE,TRUE,TRUE,FALSE,FALSE,FALSE,FALSE,"1050-Saint-Louis-Floorplans_19 (267-567, 269-569) 1BR+O+LX.png",,105-Saint-Louis-Floodplans-Showroom_19.pdf,/assets/carresaintlouis/pdf/105-Saint-Louis-Floodplans-Showroom_19.pdf
residential,67,Unit 467,467,1BR+O+LX+B,0,58.88,915,915,1,1,TRUE,TRUE,FALSE,FALSE,TRUE,TRUE,FALSE,FALSE,FALSE,FALSE,"1050-Saint-Louis-Floorplans_19 (267-567, 269-569) 1BR+O+LX.png",,105-Saint-Louis-Floodplans-Showroom_19.pdf,/assets/carresaintlouis/pdf/105-Saint-Louis-Floodplans-Showroom_19.pdf
residential,69,Unit 469,469,1BR+O+LX+B,0,58.73,915,915,1,1,TRUE,TRUE,FALSE,FALSE,TRUE,TRUE,FALSE,FALSE,FALSE,FALSE,"1050-Saint-Louis-Floorplans_19 (267-567, 269-569) 1BR+O+LX.png",,105-Saint-Louis-Floodplans-Showroom_19.pdf,/assets/carresaintlouis/pdf/105-Saint-Louis-Floodplans-Showroom_19.pdf
residential,24,Unit 124,124,1BR+O+T,246.89,0,1000,1035,1,2,FALSE,TRUE,FALSE,FALSE,FALSE,TRUE,TRUE,FALSE,FALSE,FALSE,1050-Saint-Louis-Floorplans-24 (124) 1BR+O+LX.png,,105-Saint-Louis-Floodplans-Showroom_06.pdf,/assets/carresaintlouis/pdf/105-Saint-Louis-Floodplans-Showroom_06.pdf
residential,75,Unit 575,575,1BR+T,204.23,0,680,670,1,1,FALSE,TRUE,FALSE,FALSE,FALSE,FALSE,FALSE,FALSE,FALSE,FALSE,"1050-Saint-Louis-Floorplans-75-77 (575, 577) 1BR+T.png",,105-Saint-Louis-Floodplans-Showroom_02.pdf,/assets/carresaintlouis/pdf/105-Saint-Louis-Floodplans-Showroom_02.pdf
residential,77,Unit 577,577,1BR+T,204.22,0,680,670,1,1,FALSE,TRUE,FALSE,FALSE,FALSE,FALSE,FALSE,FALSE,FALSE,FALSE,"1050-Saint-Louis-Floorplans-75-77 (575, 577) 1BR+T.png",,105-Saint-Louis-Floodplans-Showroom_02.pdf,/assets/carresaintlouis/pdf/105-Saint-Louis-Floodplans-Showroom_02.pdf
residential,7,Unit 307,307,1BR+O+LX+B,0,60.14,889,890,1,1,TRUE,TRUE,FALSE,FALSE,TRUE,TRUE,FALSE,FALSE,FALSE,FALSE,"1050-Saint-Louis-Floorplans-7-75 (107-507, 117-317, 175-475) 1BR+O+LX.png",https://www.solutioneers.dev/tours/1804/210/,105-Saint-Louis-Floodplans-Showroom_09.pdf,/assets/carresaintlouis/pdf/105-Saint-Louis-Floodplans-Showroom_09.pdf
residential,75,Unit 375,375,1BR+O+LX+B,0,58.9,889,890,1,1,TRUE,TRUE,FALSE,FALSE,TRUE,TRUE,FALSE,FALSE,FALSE,FALSE,"1050-Saint-Louis-Floorplans-7-75 (107-507, 117-317, 175-475) 1BR+O+LX.png",https://www.solutioneers.dev/tours/1804/210/,105-Saint-Louis-Floodplans-Showroom_09.pdf,/assets/carresaintlouis/pdf/105-Saint-Louis-Floodplans-Showroom_09.pdf
residential,7,Unit 107,107,1BR+O+LX+T,226.84,0,889,890,1,1,TRUE,TRUE,FALSE,FALSE,TRUE,TRUE,FALSE,FALSE,FALSE,FALSE,"1050-Saint-Louis-Floorplans-7-75 (107-507, 117-317, 175-475) 1BR+O+LX.png",,105-Saint-Louis-Floodplans-Showroom_09.pdf,/assets/carresaintlouis/pdf/105-Saint-Louis-Floodplans-Showroom_09.pdf
residential,17,Unit 117,117,1BR+O+LX+T,122.06,0,889,890,1,1,TRUE,TRUE,FALSE,FALSE,TRUE,TRUE,FALSE,FALSE,FALSE,FALSE,"1050-Saint-Louis-Floorplans-7-75 (107-507, 117-317, 175-475) 1BR+O+LX.png",,105-Saint-Louis-Floodplans-Showroom_09.pdf,/assets/carresaintlouis/pdf/105-Saint-Louis-Floodplans-Showroom_09.pdf
residential,75,Unit 175,175,1BR+O+LX+T,132.68,0,889,890,1,1,TRUE,TRUE,FALSE,FALSE,TRUE,TRUE,FALSE,FALSE,FALSE,FALSE,"1050-Saint-Louis-Floorplans-7-75 (107-507, 117-317, 175-475) 1BR+O+LX.png",,105-Saint-Louis-Floodplans-Showroom_09.pdf,/assets/carresaintlouis/pdf/105-Saint-Louis-Floodplans-Showroom_09.pdf
residential,7,Unit 207,207,1BR+O+LX+B,0,60.14,889,890,1,1,TRUE,TRUE,FALSE,FALSE,TRUE,TRUE,FALSE,FALSE,FALSE,FALSE,"1050-Saint-Louis-Floorplans-7-75 (107-507, 117-317, 175-475) 1BR+O+LX.png",,105-Saint-Louis-Floodplans-Showroom_09.pdf,/assets/carresaintlouis/pdf/105-Saint-Louis-Floodplans-Showroom_09.pdf
residential,17,Unit 217,217,1BR+O+LX+B,0,62.27,889,890,1,1,TRUE,TRUE,FALSE,FALSE,TRUE,TRUE,FALSE,FALSE,FALSE,FALSE,"1050-Saint-Louis-Floorplans-7-75 (107-507, 117-317, 175-475) 1BR+O+LX.png",,105-Saint-Louis-Floodplans-Showroom_09.pdf,/assets/carresaintlouis/pdf/105-Saint-Louis-Floodplans-Showroom_09.pdf
residential,75,Unit 275,275,1BR+O+LX+T,132.68,0,889,890,1,1,TRUE,TRUE,FALSE,FALSE,TRUE,TRUE,FALSE,FALSE,FALSE,FALSE,"1050-Saint-Louis-Floorplans-7-75 (107-507, 117-317, 175-475) 1BR+O+LX.png",,105-Saint-Louis-Floodplans-Showroom_09.pdf,/assets/carresaintlouis/pdf/105-Saint-Louis-Floodplans-Showroom_09.pdf
residential,17,Unit 317,317,1BR+O+LX+B,0,62.31,889,890,1,1,TRUE,TRUE,FALSE,FALSE,TRUE,TRUE,FALSE,FALSE,FALSE,FALSE,"1050-Saint-Louis-Floorplans-7-75 (107-507, 117-317, 175-475) 1BR+O+LX.png",,105-Saint-Louis-Floodplans-Showroom_09.pdf,/assets/carresaintlouis/pdf/105-Saint-Louis-Floodplans-Showroom_09.pdf
residential,7,Unit 407,407,1BR+O+LX+B,0,60.14,889,890,1,1,TRUE,TRUE,FALSE,FALSE,TRUE,TRUE,FALSE,FALSE,FALSE,FALSE,"1050-Saint-Louis-Floorplans-7-75 (107-507, 117-317, 175-475) 1BR+O+LX.png",,105-Saint-Louis-Floodplans-Showroom_09.pdf,/assets/carresaintlouis/pdf/105-Saint-Louis-Floodplans-Showroom_09.pdf
residential,75,Unit 475,475,1BR+O+LX+B,0,58.9,889,890,1,1,TRUE,TRUE,FALSE,FALSE,TRUE,TRUE,FALSE,FALSE,FALSE,FALSE,"1050-Saint-Louis-Floorplans-7-75 (107-507, 117-317, 175-475) 1BR+O+LX.png",,105-Saint-Louis-Floodplans-Showroom_09.pdf,/assets/carresaintlouis/pdf/105-Saint-Louis-Floodplans-Showroom_09.pdf
residential,7,Unit 507,507,1BR+O+LX+B,0,58.34,889,890,1,1,TRUE,TRUE,FALSE,FALSE,TRUE,TRUE,FALSE,FALSE,FALSE,FALSE,"1050-Saint-Louis-Floorplans-7-75 (107-507, 117-317, 175-475) 1BR+O+LX.png",,105-Saint-Louis-Floodplans-Showroom_09.pdf,/assets/carresaintlouis/pdf/105-Saint-Louis-Floodplans-Showroom_09.pdf
residential,9,Unit 109,109,1BR+O+LX+T,122.07,0,889,890,1,1,TRUE,TRUE,FALSE,FALSE,TRUE,TRUE,FALSE,FALSE,FALSE,FALSE,"1050-Saint-Louis-Floorplans-9-77 (109-509, 177-477) 1BR+O+LX.png",,105-Saint-Louis-Floodplans-Showroom_08.pdf,/assets/carresaintlouis/pdf/105-Saint-Louis-Floodplans-Showroom_08.pdf
residential,77,Unit 177,177,1BR+O+LX+T,146.29,0,889,890,1,1,TRUE,TRUE,FALSE,FALSE,TRUE,TRUE,FALSE,FALSE,FALSE,FALSE,"1050-Saint-Louis-Floorplans-9-77 (109-509, 177-477) 1BR+O+LX.png",,105-Saint-Louis-Floodplans-Showroom_08.pdf,/assets/carresaintlouis/pdf/105-Saint-Louis-Floodplans-Showroom_08.pdf
residential,9,Unit 209,209,1BR+O+LX+B,0,59.49,889,890,1,1,TRUE,TRUE,FALSE,FALSE,TRUE,TRUE,FALSE,FALSE,FALSE,FALSE,"1050-Saint-Louis-Floorplans-9-77 (109-509, 177-477) 1BR+O+LX.png",,105-Saint-Louis-Floodplans-Showroom_08.pdf,/assets/carresaintlouis/pdf/105-Saint-Louis-Floodplans-Showroom_08.pdf
residential,77,Unit 277,277,1BR+O+LX+T,146.29,0,889,890,1,1,TRUE,TRUE,FALSE,FALSE,TRUE,TRUE,FALSE,FALSE,FALSE,FALSE,"1050-Saint-Louis-Floorplans-9-77 (109-509, 177-477) 1BR+O+LX.png",,105-Saint-Louis-Floodplans-Showroom_08.pdf,/assets/carresaintlouis/pdf/105-Saint-Louis-Floodplans-Showroom_08.pdf
residential,9,Unit 309,309,1BR+O+LX+B,0,59.49,889,890,1,1,TRUE,TRUE,FALSE,FALSE,TRUE,TRUE,FALSE,FALSE,FALSE,FALSE,"1050-Saint-Louis-Floorplans-9-77 (109-509, 177-477) 1BR+O+LX.png",,105-Saint-Louis-Floodplans-Showroom_08.pdf,/assets/carresaintlouis/pdf/105-Saint-Louis-Floodplans-Showroom_08.pdf
residential,77,Unit 377,377,1BR+O+LX+B,0,58.9,889,890,1,1,TRUE,TRUE,FALSE,FALSE,TRUE,TRUE,FALSE,FALSE,FALSE,FALSE,"1050-Saint-Louis-Floorplans-9-77 (109-509, 177-477) 1BR+O+LX.png",,105-Saint-Louis-Floodplans-Showroom_08.pdf,/assets/carresaintlouis/pdf/105-Saint-Louis-Floodplans-Showroom_08.pdf
residential,9,Unit 409,409,1BR+O+LX+B,0,59.49,889,890,1,1,TRUE,TRUE,FALSE,FALSE,TRUE,TRUE,FALSE,FALSE,FALSE,FALSE,"1050-Saint-Louis-Floorplans-9-77 (109-509, 177-477) 1BR+O+LX.png",,105-Saint-Louis-Floodplans-Showroom_08.pdf,/assets/carresaintlouis/pdf/105-Saint-Louis-Floodplans-Showroom_08.pdf
residential,77,Unit 477,477,1BR+O+LX+B,0,58.9,889,890,1,1,TRUE,TRUE,FALSE,FALSE,TRUE,TRUE,FALSE,FALSE,FALSE,FALSE,"1050-Saint-Louis-Floorplans-9-77 (109-509, 177-477) 1BR+O+LX.png",,105-Saint-Louis-Floodplans-Showroom_08.pdf,/assets/carresaintlouis/pdf/105-Saint-Louis-Floodplans-Showroom_08.pdf
residential,9,Unit 509,509,1BR+O+LX+B,0,57.71,889,890,1,1,TRUE,TRUE,FALSE,FALSE,TRUE,TRUE,FALSE,FALSE,FALSE,FALSE,"1050-Saint-Louis-Floorplans-9-77 (109-509, 177-477) 1BR+O+LX.png",,105-Saint-Louis-Floodplans-Showroom_08.pdf,/assets/carresaintlouis/pdf/105-Saint-Louis-Floodplans-Showroom_08.pdf
commercial,C100,Unit C100,C100,TBD,0,0,4903,4903,0,0,FALSE,FALSE,FALSE,FALSE,FALSE,FALSE,FALSE,FALSE,FALSE,FALSE,null,,null,null
commercial,C101,Unit C101,C101,TBD,0,0,920,920,0,0,FALSE,FALSE,FALSE,FALSE,FALSE,FALSE,FALSE,FALSE,FALSE,FALSE,null,,null,null
commercial,C102,Unit C102,C102,TBD,0,0,835,835,0,0,FALSE,FALSE,FALSE,FALSE,FALSE,FALSE,FALSE,FALSE,FALSE,FALSE,null,,null,null
commercial,C103,Unit C103,C103,TBD,0,0,2006,2006,0,0,FALSE,FALSE,FALSE,FALSE,FALSE,FALSE,FALSE,FALSE,FALSE,FALSE,null,,null,null
